x_mm,w_lo,w_med,w_hi,w_lo_cqr,w_hi_cqr,w_true,true_valid,q10,q20,q30,q40,q50,q60,q70,q80,q90
20.1,0.13316063247683474,0.41648442138893277,0.5985700822186109,-0.06821144261724654,0.7999421573126921,,False,0.13316063247683474,0.2631404060403773,0.29869209907003297,0.3447631864288078,0.41648442138893277,0.4730403945333615,0.5381147811862459,0.5781161356716624,0.5985700822186109
20.3,0.14465637728361433,0.4315510663472839,0.6019170419816053,-0.05671569781046695,0.8032891170756866,,False,0.14465637728361433,0.2820949339701459,0.3172060131407818,0.3710006974933649,0.4315510663472839,0.4937873712381602,0.57037052085299,0.5775444102720322,0.6019170419816053
20.5,0.1461322274834865,0.3623858584961169,0.6206583328325374,-0.05523984761059478,0.8220304079266186,,False,0.1461322274834865,0.27906464145973653,0.28231949401369805,0.3091961438041714,0.3623858584961169,0.46799579974692446,0.5420388013684337,0.5647511870200462,0.6206583328325374
20.7,0.11510421890011786,0.3741212933135809,0.6069831769619966,-0.08626785619396342,0.8083552520560778,,False,0.11510421890011786,0.23175315748825107,0.2698009915955673,0.3321186695551029,0.3741212933135809,0.4537229361306085,0.5287214184129405,0.5511580993009001,0.6069831769619966
20.9,0.14317588562965894,0.43762976472193743,0.6136927231104345,-0.05819618946442234,0.8150647982045158,,False,0.14317588562965894,0.30056142801534336,0.32052444749496795,0.3690788081329859,0.43762976472193743,0.4999152350986193,0.5805344607934275,0.5821477105349633,0.6136927231104345
21.1,0.16583852261258036,0.4270672827796094,0.6548709200339822,-0.03553355248150092,0.8562429951280635,,False,0.16583852261258036,0.2888599165007832,0.3344772318422841,0.35400222789896924,0.4270672827796094,0.4274554625816554,0.5477505906548163,0.5983976751974579,0.6548709200339822
21.3,0.1327618932816908,0.42722178297907903,0.6584876103679745,-0.06861018181239048,0.8598596854620558,,False,0.1327618932816908,0.30767274498575203,0.32823288722382715,0.3394850445278792,0.42722178297907903,0.42772462289897184,0.5710834210628776,0.5797543424291596,0.6584876103679745
21.5,0.30302223156546004,0.4138493363692479,0.6792697933918961,0.10165015647137876,0.8806418684859774,,False,0.30302223156546004,0.31107119684911355,0.34001545938869054,0.34845424083620297,0.4138493363692479,0.4381481955511072,0.5676666036260121,0.6046181333988455,0.6792697933918961
21.7,0.27983244935059626,0.38203718217219074,0.6043671528493704,0.07846037425651498,0.8057392279434517,,False,0.27983244935059626,0.2996121723088054,0.33251654337278935,0.3533883576253541,0.38203718217219074,0.38346211141572795,0.49441425860978855,0.5624603884700274,0.6043671528493704
21.9,0.2825510471439686,0.4357569500677822,0.6106470894950781,0.08117897204988733,0.8120191645891593,,False,0.2825510471439686,0.2875634501821228,0.32115790024283614,0.3884195995663865,0.4357569500677822,0.532153080986149,0.5912529813515217,0.5998390367910305,0.6106470894950781
22.1,0.13887663848518303,0.4162071751538257,0.6071683347791679,-0.06249543660889825,0.8085404098732492,,False,0.13887663848518303,0.2648068161464368,0.3053367483492028,0.3344732899641629,0.4162071751538257,0.4680039343196003,0.5314663117469038,0.5498490588575387,0.6071683347791679
22.3,0.15206784817232974,0.3766905254494172,0.6278708880496676,-0.04930422692175154,0.8292429631437489,,False,0.15206784817232974,0.262631155054406,0.3079840895900731,0.3169427542578097,0.3766905254494172,0.5023309315059944,0.5502578152629936,0.5528979884144201,0.6278708880496676
22.5,0.2710531818291686,0.37615496753848837,0.6231138952446135,0.06968110673508732,0.8244859703386948,,False,0.2710531818291686,0.2990650841415084,0.3067203285405643,0.33263636676782676,0.37615496753848837,0.49512264997584593,0.5473525840841036,0.5664145656201094,0.6231138952446135
22.7,0.27278596661181403,0.42262484887108914,0.6071683347791679,0.07141389151773275,0.8085404098732492,,False,0.27278596661181403,0.28688360796827683,0.3364222558948106,0.3721251754657339,0.42262484887108914,0.48078880032149957,0.5410063379021892,0.561314422979071,0.6071683347791679
22.9,0.26723766143827454,0.36082177860832054,0.6171791413055521,0.06586558634419326,0.8185512163996334,,False,0.26723766143827454,0.29947834796835227,0.3027460525331677,0.35592409170977574,0.36082177860832054,0.4520678599307931,0.530111893010689,0.5377155950133803,0.6171791413055521
23.1,0.27936585517363716,0.42478426048483703,0.6042244317025454,0.07799378007955587,0.8055965067966266,,False,0.27936585517363716,0.3092674334531698,0.3403001424944592,0.42011916628991314,0.42478426048483703,0.4718466987629657,0.5186876709460774,0.5429880396304981,0.6042244317025454
23.3,0.2841353865534964,0.4571902612335021,0.6174252423803497,0.08276331145941512,0.818797317474431,,False,0.2841353865534964,0.3184632684706002,0.3455938969623696,0.43543026748101304,0.4571902612335021,0.5078612799483311,0.5762381605501661,0.617280424396836,0.6174252423803497
23.5,0.2841353865534964,0.39575631941320993,0.604307950777949,0.08276331145941512,0.8056800258720302,,False,0.2841353865534964,0.3223711755792556,0.3305260222735601,0.36565465520897955,0.39575631941320993,0.40614625877964466,0.5186240463264619,0.5318374248210036,0.604307950777949
23.7,0.11879128289586695,0.39236084846523034,0.6144299511994259,-0.08258079219821433,0.8158020262935072,,False,0.11879128289586695,0.2845147266860219,0.3011633789067342,0.31732447890158144,0.39236084846523034,0.39442005363079485,0.5150391391147394,0.5508296555578179,0.6144299511994259
23.9,0.13778219482403847,0.3861012914219554,0.6349237555408199,-0.06358988027004281,0.8362958306349012,,False,0.13778219482403847,0.29545984418682925,0.3076389488680297,0.32271159940515765,0.3861012914219554,0.39455198214165405,0.523101991552916,0.5683593105775616,0.6349237555408199
24.1,0.13466714489972256,0.44202906660426516,0.6093637425879932,-0.06670493019435872,0.8107358176820745,,False,0.13466714489972256,0.29844985276995606,0.3495480767628897,0.37235818269278254,0.44202906660426516,0.4492481348280843,0.5675943656185295,0.5765835011865339,0.6093637425879932
24.3,0.11661340591678367,0.38197016307795695,0.6360376482048299,-0.08475866917729762,0.8374097232989112,,False,0.11661340591678367,0.26670994085739186,0.31892688706737987,0.32679222648877454,0.38197016307795695,0.38648541642205125,0.521623285690734,0.5756602823448292,0.6360376482048299
24.5,0.11854877493664616,0.4173869595736914,0.6158669785670589,-0.08282330015743512,0.8172390536611401,,False,0.11854877493664616,0.2749170924633021,0.3066272307153894,0.36219518235999176,0.4173869595736914,0.4207772970639361,0.528752707347597,0.5593874626509896,0.6158669785670589
24.7,0.3002901075536742,0.3784313961439833,0.6267761476346062,0.09891803245959291,0.8281482227286875,,False,0.3002901075536742,0.3063321242695056,0.3358994748538323,0.35620227978213403,0.3784313961439833,0.3870757374515378,0.503903040031331,0.5907456449212167,0.6267761476346062
24.9,0.30156617021229715,0.380143060904424,0.5971514698453982,0.10019409511821586,0.7985235449394795,,False,0.30156617021229715,0.30260625681609876,0.358392273297558,0.3600058978704478,0.380143060904424,0.3837707398029111,0.5125165907970559,0.5409306323115806,0.5971514698453982
25.1,0.28061453548976767,0.39963523958902536,0.6394626837289281,0.07924246039568639,0.8408347588230094,,False,0.28061453548976767,0.31716155637179094,0.3531375386139182,0.37854297063799797,0.39963523958902536,0.40448559585412786,0.5205335630089349,0.5749763418819145,0.6394626837289281
25.3,0.2942652754222996,0.41120652328278473,0.6397070118883366,0.0928932003282183,0.8410790869824178,,False,0.2942652754222996,0.31716155637179094,0.36709013643531446,0.3886177982480236,0.41120652328278473,0.4113581315654729,0.5554729162835208,0.5842941698679143,0.6397070118883366
25.5,0.28164801021691005,0.4200950517916029,0.6394626837289281,0.08027593512282877,0.8408347588230094,,False,0.28164801021691005,0.3206432910375734,0.33099764333878245,0.3886720254408934,0.4200950517916029,0.4239193820987179,0.5259532290116502,0.5788193454477425,0.6394626837289281
25.7,0.2758887697983236,0.40181156433484144,0.6358359540364166,0.07451669470424233,0.8372080291304979,,False,0.2758887697983236,0.28790868862244867,0.31715944737754626,0.3231550732920583,0.40181156433484144,0.40975842363282206,0.5248914229191731,0.5599837192146224,0.6358359540364166
25.9,0.13026364544253455,0.40132773376105846,0.6377996268252583,-0.07110842965154673,0.8391717019193395,,False,0.13026364544253455,0.2923907130760863,0.3178525096576214,0.34658511720740565,0.40132773376105846,0.4106721358728557,0.5394229162122526,0.5623337446732195,0.6377996268252583
26.1,0.274077093515177,0.40620250183940454,0.6093637425879932,0.07270501842109572,0.8107358176820745,,False,0.274077093515177,0.2999996267535129,0.3442638114539632,0.35629791665671484,0.40620250183940454,0.4286966503247094,0.5640386525040673,0.5765835011865339,0.6093637425879932
26.3,0.26338827664656156,0.3512891698967087,0.6055053625173625,0.06201620155248028,0.8068774376114438,,False,0.26338827664656156,0.2801758659287239,0.3349036728379541,0.33672210118999113,0.3512891698967087,0.3806903381328257,0.4971162725457891,0.5226099135256095,0.6055053625173625
26.5,0.2512596578371944,0.34207391872817394,0.5969071416859898,0.04988758274311311,0.7982792167800711,,False,0.2512596578371944,0.29362087878674825,0.30542103933936804,0.33761798035918295,0.34207391872817394,0.3643278824780226,0.49340668398205156,0.5246565184602,0.5969071416859898
26.7,0.2640154357964838,0.3621842904688286,0.6064544314447375,0.0626433607024025,0.8078265065388188,,False,0.2640154357964838,0.3060001609169902,0.31741132087946844,0.3350922741071473,0.3621842904688286,0.38066639867935353,0.478755054154082,0.56853906008572,0.6064544314447375
26.9,0.3252872705465065,0.4047459586223092,0.609280219618384,0.12391519545242524,0.8106522947124652,,False,0.3252872705465065,0.32799625311729846,0.3738895243137292,0.3987081893857828,0.4047459586223092,0.4112140879402159,0.5075142123929767,0.5680544509622526,0.609280219618384
27.1,0.30279400769737747,0.39322111733783693,0.606137462960072,0.10142193260329618,0.8075095380541533,,False,0.30279400769737747,0.32687478596717756,0.36468119582171493,0.3758832861982349,0.39322111733783693,0.4065094887226858,0.5007831445735546,0.5603650187580642,0.606137462960072
27.3,0.27565261294806415,0.4076825587506475,0.6055053625173625,0.07428053785398286,0.8068774376114438,,False,0.27565261294806415,0.31798715978634573,0.35068953122374613,0.35276283332480673,0.4076825587506475,0.45176309911283424,0.5128429880625027,0.5594733165042092,0.6055053625173625
27.5,0.27363395802886986,0.4108436518762479,0.6519497657290841,0.07226188293478858,0.8533218408231654,,False,0.27363395802886986,0.3039883683500845,0.3739314634874405,0.37898630477914524,0.4108436518762479,0.4193059140913274,0.5480583904737267,0.6019173467279145,0.6519497657290841
27.7,0.11856837649241789,0.3838214828554072,0.6371910827732054,-0.0828036986016634,0.8385631578672866,0.19113599999999997,True,0.11856837649241789,0.26623015197929145,0.31579578231894095,0.34476775045379954,0.3838214828554072,0.4090363185978715,0.5194038986350109,0.5621750599000689,0.6371910827732054
27.9,0.12146332783124641,0.36321542999729284,0.6362173005871061,-0.07990874726283487,0.8375893756811874,0.1314059999999999,True,0.12146332783124641,0.2343741139375202,0.274176810059516,0.322051932170061,0.36321542999729284,0.40469747447782317,0.509152943393308,0.5715489249547925,0.6362173005871061
28.1,0.13173197020786834,0.40338835531838374,0.6364066803244203,-0.06964010488621294,0.8377787554185016,,False,0.13173197020786834,0.29133496877464726,0.31294085735954313,0.36908200889538967,0.40338835531838374,0.4180131218640229,0.5004312271421176,0.5112422677087127,0.6364066803244203
28.3,0.12354913364732023,0.37826688372588213,0.635114647195825,-0.07782294144676105,0.8364867222899063,0.11547799999999997,True,0.12354913364732023,0.2404251661606916,0.30233786719120564,0.33193684097131115,0.37826688372588213,0.38638595665666864,0.5258600929565433,0.5556735226172118,0.635114647195825
28.5,0.12354913364732023,0.3846616035000985,0.6351680837002284,-0.07782294144676105,0.8365401587943097,0.40616399999999997,True,0.12354913364732023,0.25077923355713255,0.30208897941322865,0.3436335901258815,0.3846616035000985,0.39557816771255266,0.5347262486910852,0.5681107111965698,0.6351680837002284
28.7,0.10961988712947744,0.4454551189235058,0.6604534636757413,-0.09175218796460384,0.8618255387698226,0.41811,True,0.10961988712947744,0.2876979393959342,0.32786301900389286,0.402300585579725,0.4454551189235058,0.493354585390024,0.5774399682831163,0.5996747493631333,0.6604534636757413
28.9,0.10995911975722598,0.435475403958961,0.6402238755102726,-0.0914129553368553,0.8415959506043539,0.1513159999999999,True,0.10995911975722598,0.2690277158641146,0.3193904159791047,0.32766669488120037,0.435475403958961,0.4471364596920187,0.5819580462005464,0.6151928895981671,0.6402238755102726
29.1,0.10995911975722598,0.37218116324841694,0.6279113031559043,-0.0914129553368553,0.8292833782499855,0.13937,True,0.10995911975722598,0.26800799093292776,0.3019119250144967,0.30775953492236263,0.37218116324841694,0.37694535538031043,0.5264455059300083,0.5646365149202959,0.6279113031559043
29.3,0.1164932942404191,0.3683255914208126,0.6364443019838565,-0.08487878085366218,0.8378163770779378,0.342452,True,0.1164932942404191,0.25180792003048497,0.3179179757220982,0.32302544022400925,0.3683255914208126,0.39125049757047387,0.5342261492641961,0.560836007391026,0.6364443019838565
29.5,0.2741806966246843,0.380934484586517,0.6365003445392518,0.07280862153060302,0.837872419633333,,False,0.2741806966246843,0.2918293410139938,0.3277825568301136,0.3717098376268044,0.380934484586517,0.39332907311841564,0.5330419101608572,0.5597768007645717,0.6365003445392518
29.7,0.24644687752607175,0.34830792380214126,0.6362560163798433,0.04507480243199047,0.8376280914739246,0.1592800000000001,True,0.24644687752607175,0.26717774187255133,0.32105934050798907,0.3406673776884957,0.34830792380214126,0.3775795901081391,0.5035494464446472,0.5597317344884077,0.6362560163798433
29.9,0.28591186000273394,0.4159757295215529,0.6365003445392518,0.08453978490865266,0.837872419633333,0.36236199999999996,True,0.28591186000273394,0.2870598096341346,0.3130051440376967,0.3709896504982805,0.4159757295215529,0.42515741734014595,0.5586166744702278,0.5593331299565928,0.6365003445392518
30.1,0.27234400280605553,0.3763560715323601,0.6385767801166321,0.07097192771197425,0.8399488552107134,0.3105960000000001,True,0.27234400280605553,0.30475815218192776,0.3461351797540123,0.3692509566542664,0.3763560715323601,0.39434921373143633,0.5124219032392947,0.592682548506927,0.6385767801166321
30.3,0.27234400280605553,0.36718515069318014,0.6352194137244346,0.07097192771197425,0.8365914888185159,0.4300559999999999,True,0.27234400280605553,0.29951520708396084,0.3284710967679854,0.35624265780854847,0.36718515069318014,0.3827756965299643,0.5168853120749116,0.5776589773413122,0.6352194137244346
30.5,0.2714428088478268,0.38117555494249283,0.6061020887332207,0.0700707337537455,0.807474163827302,0.366344,True,0.2714428088478268,0.3271889719653925,0.3375654069825684,0.34450753226477326,0.38117555494249283,0.39243859961484734,0.5135502736645242,0.5651050644673963,0.6061020887332207
30.7,0.12451010513199799,0.3991668174933035,0.6197152758156663,-0.07686196996208329,0.8210873509097476,,False,0.12451010513199799,0.2704586450961579,0.29571003953506625,0.34720468042271097,0.3991668174933035,0.4385011778227306,0.5606946156403569,0.5841408954266438,0.6197152758156663
30.9,0.12451010513199799,0.33546411576976204,0.6056101290459721,-0.07686196996208329,0.8069822041400534,0.3982,True,0.12451010513199799,0.2527650389709277,0.29633646013940373,0.3200180659517472,0.33546411576976204,0.36808999968579725,0.5040531722623328,0.5269863050800943,0.6056101290459721
31.1,0.12492426048521406,0.39851185616614326,0.6186661217402627,-0.07644781460886722,0.820038196834344,0.4101460000000001,True,0.12492426048521406,0.30282604493871945,0.32556109027181634,0.36838761571607204,0.39851185616614326,0.44133481365314575,0.567809387393802,0.579772675402432,0.6186661217402627
31.3,0.10996658868706297,0.39834664960178245,0.6366051110678613,-0.09140548640701832,0.8379771861619426,0.42607400000000006,True,0.10996658868706297,0.2626653952167333,0.30617359159274476,0.3302997419606644,0.39834664960178245,0.4155806271424782,0.5556846502626845,0.5712872610276155,0.6366051110678613
31.5,0.12246919734307889,0.40106057399800626,0.6366886301432649,-0.0789028777510024,0.8380607052373462,,False,0.12246919734307889,0.23824441762695267,0.3192358469572485,0.3211294259106642,0.40106057399800626,0.4069946433701303,0.5239625025235256,0.5380006894341766,0.6366886301432649
31.7,0.2932051026211144,0.40325692848307715,0.6362560163798433,0.0918330275270331,0.8376280914739246,,False,0.2932051026211144,0.3308230214850492,0.35837584168133774,0.38981596736368634,0.40325692848307715,0.42163878953253947,0.5358289336175862,0.5784886899112925,0.6362560163798433
31.9,0.28061622987848,0.37891223684375774,0.64001551917557,0.07924415478439872,0.8413875942696513,0.40218199999999993,True,0.28061622987848,0.31732893080537466,0.3442491158820493,0.34557355089910696,0.37891223684375774,0.38241934851590575,0.5154902681142424,0.586082476767884,0.64001551917557
32.1,0.29263224798596926,0.37646536471752423,0.629191505231845,0.09126017289188798,0.8305635803259263,0.27874,True,0.29263224798596926,0.3145974429267075,0.3631176354732191,0.36349224190742274,0.37646536471752423,0.3925023116094982,0.5300766370413004,0.551912288871378,0.629191505231845
32.3,0.2948066930015559,0.38106103278994,0.6385276173355661,0.09343461790747459,0.8398996924296473,0.266794,True,0.2948066930015559,0.3157512589327582,0.3627556472373247,0.37804268250109585,0.38106103278994,0.4030419308242091,0.5285214959881712,0.5770538528820949,0.6385276173355661
32.5,0.30899261786473675,0.4340611122948348,0.6043671528493704,0.10762054277065547,0.8057392279434517,0.23892000000000002,True,0.30899261786473675,0.406868835262817,0.4179390355455815,0.42340757942029855,0.4340611122948348,0.45403524212178387,0.5433187550318593,0.596308289915085,0.6043671528493704
32.7,0.12772991938299244,0.38033953453312835,0.6055053625173625,-0.07364215571108884,0.8068774376114438,,False,0.12772991938299244,0.25794777213884246,0.3186492458843036,0.3203400444966501,0.38033953453312835,0.39710590505161825,0.5183987076091576,0.537397092657097,0.6055053625173625
32.9,0.12080574917060292,0.3870448946476394,0.6052610343579541,-0.08056632592347836,0.8066331094520354,,False,0.12080574917060292,0.28911803851769713,0.3081312833433722,0.32741045690672277,0.3870448946476394,0.4024614000601057,0.5203842474557316,0.5520590652499902,0.6052610343579541
33.1,0.10995911975722598,0.41744874152569805,0.6093637425879932,-0.0914129553368553,0.8107358176820745,0.374308,True,0.10995911975722598,0.28383896670999703,0.31337524099815833,0.3297586268393963,0.41744874152569805,0.44174154986007985,0.5599347504646871,0.5901266002179892,0.6093637425879932
33.3,0.13778219482403847,0.39155174420336075,0.6388745447804439,-0.06358988027004281,0.8402466198745252,0.3982000000000001,True,0.13778219482403847,0.2731053367254745,0.30968999115472357,0.34019940265207016,0.39155174420336075,0.4110353919473159,0.5209914737927058,0.5722174416184083,0.6388745447804439
33.5,0.12782446536419673,0.43315295820423394,0.6426794883466712,-0.07354760972988456,0.8440515634407525,0.2349380000000001,True,0.12782446536419673,0.2531480653482466,0.33710181120496,0.3444671927539379,0.43315295820423394,0.4579894891014359,0.5880647831294338,0.6151462146611859,0.6426794883466712
33.7,0.27338307988208266,0.3948861241468348,0.6384932610412285,0.07201100478800138,0.8398653361353098,0.25086600000000003,True,0.27338307988208266,0.31188027515413297,0.3609492384939709,0.38305932624837297,0.3948861241468348,0.40840380844438157,0.5286668819268261,0.5867775457958845,0.6384932610412285
33.9,0.2568291008635775,0.37843301558419495,0.6362560163798433,0.05545702576949624,0.8376280914739246,,False,0.2568291008635775,0.26583117667346884,0.3289428460073806,0.3717671091170681,0.37843301558419495,0.37920781767979644,0.511891552494833,0.5713499791520693,0.6362560163798433
34.1,0.2634992627158354,0.4118334062090085,0.6358359540364166,0.06212718762175412,0.8372080291304979,,False,0.2634992627158354,0.29889491874121993,0.3647477151116879,0.3678208178736415,0.4118334062090085,0.42733324081353996,0.5250446509744758,0.5854735362818276,0.6358359540364166
34.3,0.30558226935409916,0.41945782604167486,0.639623492812933,0.10421019426001787,0.8409955679070142,0.1831719999999999,True,0.30558226935409916,0.31062243494040837,0.35287918457575373,0.37634616229694495,0.41945782604167486,0.4377438673748853,0.5756664027040381,0.6056105901167241,0.639623492812933
34.5,0.27574846350271565,0.3910559265779211,0.6575654126569225,0.07437638840863436,0.8589374877510038,0.38227200000000017,True,0.27574846350271565,0.31062243494040837,0.3421113184225673,0.36647418865166087,0.3910559265779211,0.40962121407356705,0.5575797157363688,0.5758161837980014,0.6575654126569225
34.7,0.27036670609030766,0.3965065790479609,0.6436892503708301,0.06899463099622638,0.8450613254649114,0.2827219999999999,True,0.27036670609030766,0.27416355350638943,0.28185497258084236,0.3545902940036548,0.3965065790479609,0.42471608983665515,0.5334469046540399,0.5678065257656002,0.6436892503708301
34.9,0.12405475962711929,0.3680672874863151,0.6371075636978017,-0.077317315466962,0.838479638791883,,False,0.12405475962711929,0.2595602189448522,0.2796516807902484,0.33038526656571027,0.3680672874863151,0.40218387332131567,0.5242752602742273,0.5669069152707199,0.6371075636978017
35.1,0.12886952253038736,0.41005560156443993,0.6399520708308558,-0.07250255256369392,0.8413241459249371,0.42209200000000013,True,0.12886952253038736,0.2651762799375964,0.3296401304990883,0.35340995063876557,0.41005560156443993,0.45270208543430795,0.5851268075397511,0.5967495050181442,0.6399520708308558
35.3,0.25078691800057973,0.4008031338264273,0.6093637425879932,0.049414842906498446,0.8107358176820745,0.3942180000000002,True,0.25078691800057973,0.2582327152791081,0.3586701974462364,0.3607264306592005,0.4008031338264273,0.4516656611653562,0.503876026700544,0.5363207112905618,0.6093637425879932
35.5,0.1243179239092671,0.35687596686386436,0.6062801058623575,-0.07705415118481418,0.8076521809564388,0.314578,True,0.1243179239092671,0.19261908467198,0.3030340243796198,0.3072262603309841,0.35687596686386436,0.3965716459354725,0.4501839909355964,0.48030806061457876,0.6062801058623575
35.7,0.12555516229818864,0.3696343562801489,0.6055587990217659,-0.07581691279589264,0.8069308741158472,0.2707760000000001,True,0.12555516229818864,0.2632248825674261,0.30866749583548103,0.3118807715259846,0.3696343562801489,0.38280981195940733,0.5226753503684224,0.5293018870048706,0.6055587990217659
35.9,0.13448798237275403,0.40174508957714966,0.6052869943423491,-0.06688409272132725,0.8066590694364304,0.3424520000000001,True,0.13448798237275403,0.28899617752165185,0.33304588440779137,0.3754066720435302,0.40174508957714966,0.4399265746486716,0.5267004720416172,0.53206441140698,0.6052869943423491
36.1,0.13885659917475718,0.39012258176212583,0.6051775152825505,-0.0625154759193241,0.8065495903766318,,False,0.13885659917475718,0.28767596706958753,0.3132002248417078,0.34816078523025484,0.39012258176212583,0.41819119767905344,0.5343473877648628,0.5347856788162851,0.6051775152825505
36.3,0.13467708360842576,0.4270585752154035,0.5999054937379177,-0.06669499148565552,0.801277568831999,0.4101459999999999,True,0.13467708360842576,0.2865041333254714,0.2975795356041913,0.3275438093587124,0.4270585752154035,0.44676094595599086,0.5248100666954671,0.5325756528443221,0.5999054937379177
36.5,0.13467708360842576,0.43419588256461755,0.5987641245538994,-0.06669499148565552,0.8001361996479807,0.314578,True,0.13467708360842576,0.27740682835939184,0.29515634804151863,0.3283987853087245,0.43419588256461755,0.4487385824140675,0.5294307836201678,0.5457938785921104,0.5987641245538994
36.7,0.1328213231337486,0.4434027460128337,0.6198330987786771,-0.0685507519603327,0.8212051738727584,0.4340379999999999,True,0.1328213231337486,0.31316169468372224,0.31611117113797244,0.35328597400851725,0.4434027460128337,0.4999719279367204,0.5923024608990962,0.6138240963259592,0.6198330987786771
36.9,0.13467708360842576,0.45240294806581516,0.5958341519318775,-0.06669499148565552,0.7972062270259588,0.42607399999999995,True,0.13467708360842576,0.2918734496943856,0.3104593444428637,0.3289546062804768,0.45240294806581516,0.47162423907086165,0.5289234261256122,0.5586780869408821,0.5958341519318775
37.1,0.13467708360842576,0.460364357244763,0.5996390954981048,-0.06669499148565552,0.8010111705921861,0.4300560000000001,True,0.13467708360842576,0.28501143475400226,0.2943917140346655,0.3640854469405244,0.460364357244763,0.5008937909804527,0.5618876857805356,0.5847199101693292,0.5996390954981048
37.3,0.24362501629691505,0.408596837504583,0.6070240694230771,0.042252941202833766,0.8083961445171584,0.46987599999999996,True,0.24362501629691505,0.29959993913335736,0.31877427730784486,0.3762208634236184,0.408596837504583,0.4148548413182124,0.5272672337317885,0.5439270868268175,0.6070240694230771
37.5,0.1111644677334844,0.3880992902365953,0.6032864693271667,-0.09020760736059688,0.804658544421248,0.27475800000000006,True,0.1111644677334844,0.28446972941748483,0.29951233129265326,0.30710263503208995,0.3880992902365953,0.39101417422209706,0.5120653311486859,0.5376945168568984,0.6032864693271667
37.7,0.2712358493704824,0.44031515075315797,0.6402238755102726,0.06986377427640111,0.8415959506043539,0.11547799999999997,True,0.2712358493704824,0.3176133580994389,0.37024160501324954,0.3742277415937597,0.44031515075315797,0.4429859925344075,0.562707542111171,0.627370100297054,0.6402238755102726
37.9,0.2903218581238076,0.3953093624294779,0.6527876046822726,0.08894978302972634,0.8541596797763539,,False,0.2903218581238076,0.3162338084631411,0.330365883524744,0.3696896329114038,0.3953093624294779,0.40679675449377545,0.5277459619348637,0.5902513820000227,0.6527876046822726
38.1,0.29286841809002095,0.3935421578454775,0.6528436472376679,0.09149634299593967,0.8542157223317491,0.14733399999999985,True,0.29286841809002095,0.30581154723136833,0.3220236483240439,0.3501940347457889,0.3935421578454775,0.3982707723064959,0.5376337861174194,0.5855372290220878,0.6528436472376679
38.3,0.3016953955185812,0.40114233612749056,0.6604468726473687,0.10032332042449993,0.86181894774145,0.28670399999999996,True,0.3016953955185812,0.3057215583350562,0.33188983349131257,0.40107859027427045,0.40114233612749056,0.4174896632244244,0.5325280362442766,0.6100887255812045,0.6604468726473687
38.5,0.2874497467856951,0.42410012567165956,0.6528489168610243,0.08607767169161384,0.8542209919551056,0.410146,True,0.2874497467856951,0.2922333230346667,0.3549620262608269,0.3941969122067916,0.42410012567165956,0.46271114368307925,0.5108315060920998,0.6102286597356568,0.6528489168610243
38.7,0.2874497467856951,0.41835119947863364,0.6384932610412285,0.08607767169161384,0.8398653361353098,0.13538799999999995,True,0.2874497467856951,0.3092329712187195,0.35970513208361304,0.3837550473783362,0.41835119947863364,0.4323636928592652,0.5098736658207847,0.5849131121932156,0.6384932610412285
38.9,0.2994033136477847,0.40870553600029264,0.654578281245534,0.09803123855370344,0.8559503563396152,0.38227200000000006,True,0.2994033136477847,0.33127854917662736,0.3843357817591291,0.4057009981107582,0.40870553600029264,0.4830486124352627,0.5220893807219918,0.6153442386828767,0.654578281245534
39.1,0.31402551766042347,0.46264015633472066,0.6522629264788877,0.11265344256634219,0.853635001572969,0.46589400000000003,True,0.31402551766042347,0.3690380752755355,0.3987162935384985,0.45552630342844935,0.46264015633472066,0.4947065041243013,0.5705597872144228,0.6388183768591565,0.6522629264788877
39.3,0.3257978687698437,0.43044022509058655,0.6410494788950931,0.1244257936757624,0.8424215539891744,0.45394800000000013,True,0.3257978687698437,0.3323186660858473,0.4036316426427507,0.42410136019826095,0.43044022509058655,0.5059187458074305,0.5484670614317926,0.5957945171680105,0.6410494788950931
39.5,0.3202355059128903,0.4002783821015813,0.6404227457275344,0.11886343081880901,0.8417948208216157,,False,0.3202355059128903,0.3287976800451291,0.3783785007399432,0.3883712238376517,0.4002783821015813,0.4223510916265369,0.5290220122571887,0.5867964652278138,0.6404227457275344
39.7,0.27585979292674906,0.38114470273303924,0.6383927682359563,0.07448771783266778,0.8397648433300375,,False,0.27585979292674906,0.32099427975673583,0.3265649652891838,0.3287283543351672,0.38114470273303924,0.38229417084829853,0.5014961927241296,0.5960961798513421,0.6383927682359563
39.9,0.27852556146550966,0.36912555964796895,0.6406476095823508,0.07715348637142838,0.8420196846764321,,False,0.27852556146550966,0.32211574690685674,0.33238353193642045,0.36099696987052693,0.36912555964796895,0.37640775151146155,0.5056240818060307,0.5872632919664321,0.6406476095823508
40.1,0.25505312734120344,0.4230829725194877,0.640071227780981,0.05368105224712216,0.8414433028750623,0.16326200000000002,True,0.25505312734120344,0.3287976800451291,0.364534322727279,0.3942655395376383,0.4230829725194877,0.4232088690854525,0.5327902061805443,0.5646199924536592,0.640071227780981
40.3,0.2954931110073541,0.4661283305798962,0.6854932281374824,0.09412103591327281,0.8868653032315637,0.15529800000000016,True,0.2954931110073541,0.37163149435635284,0.39483422867641643,0.4355254087569762,0.4661283305798962,0.547392995051829,0.5657079192005453,0.6336756943650095,0.6854932281374824
40.5,0.24897598620978467,0.3793565050214734,0.6059025251689771,0.04760391111570339,0.8072746002630584,0.21104600000000007,True,0.24897598620978467,0.29035381992058223,0.30198600125924346,0.33243150815343697,0.3793565050214734,0.49099075692473637,0.5247343187313482,0.5261049813518401,0.6059025251689771
40.7,0.11394482677340448,0.42368634524458454,0.5920228757491977,-0.0874272483206768,0.7933949508432789,0.10353199999999996,True,0.11394482677340448,0.27569788725521926,0.30100528511760144,0.3101169656950946,0.42368634524458454,0.4734289272318011,0.5090225471580119,0.5098547763566343,0.5920228757491977
40.9,0.12858057868673367,0.3494834236075757,0.6099873404517687,-0.07279149640734761,0.81135941554585,,False,0.12858057868673367,0.2647254282494083,0.3128764877447007,0.3149381291611725,0.3494834236075757,0.48286170340124784,0.4870432952174952,0.5142941387264063,0.6099873404517687
41.1,0.12872036861012148,0.35348558082456083,0.5251196012088021,-0.0726517064839598,0.7264916763028834,0.290686,True,0.12872036861012148,0.2729539742739696,0.32408654287337135,0.34346803139424975,0.35348558082456083,0.48701999448658334,0.5056794208944883,0.5228393808215885,0.5251196012088021
41.3,0.11678352669060633,0.4213238394610137,0.5910325102898741,-0.08458854840347495,0.7924045853839554,0.23095599999999994,True,0.11678352669060633,0.2721112799188165,0.3027570052361893,0.36899553788436606,0.4213238394610137,0.4962309917598398,0.5403143593324268,0.5538800438849925,0.5910325102898741
41.5,0.09648059500871269,0.39930918190265696,0.602285926584622,-0.1048914800853686,0.8036580016787033,0.12742399999999998,True,0.09648059500871269,0.2768223153113841,0.29323693898231207,0.3319121308947792,0.39930918190265696,0.4659721018096189,0.5230531075350461,0.5533854563366227,0.602285926584622
41.7,0.13236208623042472,0.4081384775273936,0.639745826067827,-0.06900998886365656,0.8411179011619083,0.422092,True,0.13236208623042472,0.28279231531454085,0.3011676221650757,0.35244210917168767,0.4081384775273936,0.4342053516970177,0.5209201338870477,0.5831274824511306,0.639745826067827
41.9,0.1164224803617923,0.3874144864899182,0.6357436934918403,-0.08494959473228898,0.8371157685859216,0.32652400000000004,True,0.1164224803617923,0.27232410264891593,0.2994978623249469,0.3294694065622802,0.3874144864899182,0.39805277862356053,0.5299998222191161,0.590545242874862,0.6357436934918403
42.1,0.12694928521033583,0.42842566170301255,0.6087563798016897,-0.07442278988374545,0.810128454895771,0.27475800000000006,True,0.12694928521033583,0.2759521980667022,0.30123314845592536,0.33697629021606756,0.42842566170301255,0.46015469449453456,0.5684755017960986,0.5948339410867638,0.6087563798016897
42.3,0.29046364607446395,0.37994056449356306,0.6045984116099254,0.08909157098038267,0.8059704867040067,0.28272200000000014,True,0.29046364607446395,0.297123162682303,0.32683829030324957,0.32986483676582845,0.37994056449356306,0.3933273612009234,0.5013009197158891,0.5695401156740133,0.6045984116099254
42.5,0.2978121163055483,0.4146968568775297,0.6043160977065295,0.09644004121146704,0.8056881728006108,0.1592800000000001,True,0.2978121163055483,0.2982640005376702,0.30540488853823355,0.35599310621099267,0.4146968568775297,0.4170351165895179,0.5184079443270714,0.5595822468129568,0.6043160977065295
42.7,0.2947189471081583,0.4178736909811105,0.6056426247077191,0.09334687201407704,0.8070146998018004,0.29864999999999997,True,0.2947189471081583,0.32387497469189214,0.33658511232688454,0.4134584222372208,0.4178736909811105,0.48199105557081273,0.5103648631871956,0.5702608371882649,0.6056426247077191
42.9,0.2838971654198475,0.39837331415485866,0.6123049057837564,0.08252509032576621,0.8136769808778377,0.41811,True,0.2838971654198475,0.3178020908870566,0.3285187073794003,0.35198417210933125,0.39837331415485866,0.40026272386807354,0.5129305156670463,0.5529570951336539,0.6123049057837564
43.1,0.30527697495634665,0.38712516294587174,0.6532574797216963,0.10390489986226537,0.8546295548157776,0.4260740000000002,True,0.30527697495634665,0.32305920458358883,0.3568941453100831,0.3860992887160201,0.38712516294587174,0.4136112536094054,0.518589518132061,0.6202369969298779,0.6532574797216963
43.3,0.3072685325818846,0.4404587724840983,0.6428699765836834,0.1058964574878033,0.8442420516777647,0.3424520000000001,True,0.3072685325818846,0.3601250441496029,0.37304133550462665,0.43506419682680636,0.4404587724840983,0.4659677003130654,0.5390318557569476,0.5820635911087674,0.6428699765836834
43.5,0.15375132874865438,0.3833799806342801,0.6010888139591836,-0.0476207463454269,0.8024608890532648,0.3663440000000001,True,0.15375132874865438,0.2835889231378386,0.28665697979515686,0.3784285287040552,0.3833799806342801,0.40742188022552883,0.5284423451186007,0.5331094838329505,0.6010888139591836
43.7,0.13696145310611083,0.4526925305983907,0.6126968638168482,-0.06441062198797046,0.8140689389109295,0.26281199999999993,True,0.13696145310611083,0.31236332739079076,0.3205172398027114,0.38448803130305137,0.4526925305983907,0.46350415828944647,0.5725107320137771,0.585903297164187,0.6126968638168482
43.9,0.16202612905904318,0.36423646743872107,0.6062658321207269,-0.039345946035038104,0.8076379072148082,0.15529799999999994,True,0.16202612905904318,0.2718295654715141,0.27904025232547963,0.345677435042261,0.36423646743872107,0.3885216069335313,0.49507738934306805,0.5246832682919348,0.6062658321207269
44.1,0.12521174572006094,0.3575800583999529,0.6048933179087713,-0.07616032937402034,0.8062653930028526,0.2548480000000001,True,0.12521174572006094,0.26924576997251415,0.2759558895652361,0.323919280699828,0.3575800583999529,0.3826944450506026,0.5041321735749399,0.5252756577006176,0.6048933179087713
44.3,0.13511906771141843,0.3464802609130158,0.6058833788636858,-0.06625300738266285,0.8072554539577671,0.21104600000000007,True,0.13511906771141843,0.2331726664237198,0.25724794402205836,0.3066921860276815,0.3464802609130158,0.38581649258256406,0.4945305571556413,0.5541215882007156,0.6058833788636858
44.5,0.131346113151988,0.4362038209985568,0.659849949824042,-0.07002596194209329,0.8612220249181233,0.2827219999999999,True,0.131346113151988,0.28803580755917674,0.2998289714681553,0.36652132541843163,0.4362038209985568,0.4588674916743865,0.5788994493126758,0.6174013860636705,0.659849949824042
44.7,0.12697702382273332,0.4389418248063112,0.6497066866394299,-0.07439505127134796,0.8510787617335112,0.45792999999999995,True,0.12697702382273332,0.2888896564296059,0.28972910822286885,0.34358020266743544,0.4389418248063112,0.47514823436440096,0.5716261117779783,0.6086219800225992,0.6497066866394299
44.9,0.11835191407550685,0.3671525370265517,0.652974362705135,-0.08302016101857443,0.8543464377992163,0.35838000000000014,True,0.11835191407550685,0.27698253576880744,0.2779109450055453,0.3098984321526691,0.3671525370265517,0.4092452866747587,0.5465094053897321,0.5698639431156811,0.652974362705135
45.1,0.24562121113705235,0.3935412307525779,0.644086250988595,0.044249136042971066,0.8454583260826762,0.23095599999999994,True,0.24562121113705235,0.2518287478248546,0.3767352670128895,0.3922823370658156,0.3935412307525779,0.44342136133817517,0.5580827386665855,0.5610999570880035,0.644086250988595
45.3,0.25176506155654094,0.4080962966744982,0.6498025288159051,0.050392986462459655,0.8511746039099863,0.366344,True,0.25176506155654094,0.2944929326934153,0.35828337625527423,0.38749838476039916,0.4080962966744982,0.41169532860550223,0.5383932024163177,0.589349112600415,0.6498025288159051
45.5,0.28559911458046455,0.38093791811745326,0.6556627665441435,0.08422703948638327,0.8570348416382247,0.1831720000000001,True,0.28559911458046455,0.29469664355718844,0.3626910758057545,0.3640801763822124,0.38093791811745326,0.4117882329079185,0.5599743814728507,0.5794889926727794,0.6556627665441435
45.7,0.3039342236150657,0.40947135045752897,0.6556627665441435,0.10256214852098444,0.8570348416382247,0.1712260000000001,True,0.3039342236150657,0.3145501881474411,0.35111785544196533,0.3877843520847605,0.40947135045752897,0.4108000210553925,0.5661874945824071,0.5832767671564892,0.6556627665441435
45.9,0.30052429039580175,0.4456857233873998,0.6479494866797992,0.09915221530172047,0.8493215617738805,0.21900999999999993,True,0.30052429039580175,0.33804379622676467,0.39107187323995496,0.4113341067499731,0.4456857233873998,0.4493055147312522,0.6037901793720433,0.6077039069723738,0.6479494866797992
46.1,0.31123568925520234,0.429515713352873,0.6005728294103974,0.10986361416112106,0.8019449045044786,0.43403800000000015,True,0.31123568925520234,0.3332604553728951,0.4086849722851124,0.4200646146674874,0.429515713352873,0.4493148769875707,0.5308067213682147,0.5831938252416506,0.6005728294103974
46.3,0.2807836120369404,0.4102354051682957,0.6063679867069378,0.07941153694285913,0.8077400618010191,0.25086600000000003,True,0.2807836120369404,0.29295667414983007,0.389083186677129,0.39624194606981855,0.4102354051682957,0.4700419843699519,0.5290234520141678,0.6048559663688557,0.6063679867069378
46.5,0.27883494674427156,0.4133902773689408,0.6004022969853151,0.07746287165019028,0.8017743720793964,0.26281199999999993,True,0.27883494674427156,0.29181039127131736,0.3456483174363463,0.3508852479511616,0.4133902773689408,0.43208159708743293,0.5301860207195263,0.5905787214369317,0.6004022969853151
46.7,0.2767070698295676,0.42992370906043414,0.6088178656838273,0.07533499473548633,0.8101899407779086,0.3982,True,0.2767070698295676,0.3201882520291251,0.34865053958850184,0.4099098993482029,0.42992370906043414,0.4335730190038104,0.5308377651618645,0.5914871366895592,0.6088178656838273
46.9,0.10785757643112266,0.3483693669024521,0.6003251978825572,-0.09351449866295862,0.8016972729766385,0.4220919999999999,True,0.10785757643112266,0.23066199248158378,0.28954486716494887,0.32208036366896214,0.3483693669024521,0.3827409819001687,0.49352704751251275,0.5419412018471345,0.6003251978825572
47.1,0.11537192077731488,0.36405047481600794,0.6330177549725818,-0.0860001543167664,0.8343898300666631,0.46987599999999996,True,0.11537192077731488,0.2694555690212303,0.30314753674515493,0.3441459827541067,0.36405047481600794,0.38600614113790127,0.5218842366629554,0.5839313250922855,0.6330177549725818
47.3,0.1165772687535733,0.390371842305782,0.6500992157845137,-0.08479480634050798,0.851471290878595,0.38227200000000006,True,0.1165772687535733,0.2969999150734506,0.2988238669324128,0.32302314099033214,0.390371842305782,0.44076972326692265,0.5628910490525179,0.6322167624305135,0.6500992157845137
47.5,0.1129973977684898,0.39112838930044225,0.6528027300294543,-0.08837467732559148,0.8541748051235356,0.38227200000000006,True,0.1129973977684898,0.306006723243818,0.3118241876872644,0.3824422175663991,0.39112838930044225,0.3957458054902018,0.5411998515215842,0.5915835299620229,0.6528027300294543
47.7,0.0935776884880082,0.41403358383368044,0.6449425490331016,-0.10779438660607309,0.8463146241271828,0.3982,True,0.0935776884880082,0.31686629483575834,0.3271980913183443,0.38707157133263426,0.41403358383368044,0.45924832080112804,0.5562780008619468,0.5928983408171363,0.6449425490331016
47.9,0.3003713179646182,0.5270661578432065,0.6440417987496286,0.09899924287053691,0.8454138738437099,0.314578,True,0.3003713179646182,0.4386380058523259,0.44704994786953406,0.4804245286899255,0.5270661578432065,0.530188369463178,0.6113547715989789,0.6413314520540134,0.6440417987496286
48.1,0.2849703966223544,0.5113514217454987,0.6480644410122148,0.08359832152827312,0.8494365161062961,0.226974,True,0.2849703966223544,0.39576664358762664,0.45808551565889066,0.4653738018464859,0.5113514217454987,0.525626094969438,0.6076270077959829,0.6378380743383668,0.6480644410122148
48.3,0.31226007157673913,0.48005660182683896,0.6470513948166693,0.11088799648265785,0.8484234699107506,0.442002,True,0.31226007157673913,0.35064423974140485,0.4341710239272455,0.4553125746248423,0.48005660182683896,0.4828913712855408,0.5808317649330489,0.6096485409057838,0.6470513948166693
48.5,0.14108598358818708,0.4238213233992259,0.636632077325332,-0.0602860915058942,0.8380041524194133,0.42209200000000013,True,0.14108598358818708,0.2844009579009761,0.3385810911212214,0.3595631214088618,0.4238213233992259,0.43344102122047107,0.5602169355194934,0.5815324981106657,0.636632077325332
48.7,0.12656558003184037,0.37035751824479035,0.6065020880216577,-0.07480649506224091,0.807874163115739,0.27874,True,0.12656558003184037,0.27892980140160784,0.28626247342474054,0.31236030167276646,0.37035751824479035,0.4534088197161525,0.524530788242067,0.5341729739484993,0.6065020880216577
48.9,0.12758841553370265,0.4054284984270248,0.60801458508696,-0.07378365956037863,0.8093866601810413,0.17919000000000018,True,0.12758841553370265,0.31514792318259155,0.31666683289790654,0.35075653828798353,0.4054284984270248,0.5027892316930792,0.5602798499982407,0.5679086635612138,0.60801458508696
49.1,0.14941420610598147,0.37819806890490404,0.561046592557924,-0.051957868988099815,0.7624186676520053,0.226974,True,0.14941420610598147,0.2637932472128971,0.2711479387237493,0.3042580748654414,0.37819806890490404,0.4635965658956129,0.5139530632258923,0.5305384705963923,0.561046592557924
49.3,0.14791185678813823,0.41074887930523946,0.6066004564213107,-0.05346021830594305,0.807972531515392,0.3225420000000001,True,0.14791185678813823,0.2615950001026754,0.2692890357201924,0.3182512316723764,0.41074887930523946,0.47746691249850354,0.5518936357672075,0.583923698229885,0.6066004564213107
49.5,0.14538862148470977,0.3907671464088806,0.6033023100238386,-0.055983453609371514,0.8046743851179199,0.39023600000000014,True,0.14538862148470977,0.27973226759430875,0.295273771161904,0.30574349425107233,0.3907671464088806,0.4318912213831678,0.5172336077083703,0.5295150448414621,0.6033023100238386
49.7,0.27686232153217694,0.38938559511850773,0.68046519953987,0.07549024643809565,0.8818372746339512,0.38227200000000017,True,0.27686232153217694,0.3044265987995247,0.3258888935550102,0.3342361507374763,0.38938559511850773,0.3898791870452475,0.5288446692117321,0.6097982176041343,0.68046519953987
49.9,0.2884063740617638,0.39600328834935056,0.674012623553468,0.0870342989676825,0.8753846986475493,0.366344,True,0.2884063740617638,0.3169980783472954,0.32406959785378747,0.39323982317195055,0.39600328834935056,0.4035050956947656,0.5134435141728337,0.6236019569456491,0.674012623553468
50.1,0.2886516872849911,0.43916302955446784,0.6085932876684017,0.0872796121909098,0.809965362762483,0.1712260000000001,True,0.2886516872849911,0.32020645868888553,0.32805475446994165,0.3946634463890459,0.43916302955446784,0.4433440725762618,0.5484237401397498,0.6023992616265675,0.6085932876684017
50.3,0.28076023749551704,0.4254995040565745,0.6402166082546303,0.07938816240143576,0.8415886833487116,0.266794,True,0.28076023749551704,0.3115592098702625,0.3305887725010271,0.424757840467896,0.4254995040565745,0.4660155371219707,0.5636218541869245,0.6180352381223874,0.6402166082546303
50.5,0.22582029386486863,0.3383760315718228,0.6154539682145265,0.024448218770787344,0.8168260433086078,0.37829,True,0.22582029386486863,0.2899561539234202,0.3214459919320381,0.329865256235516,0.3383760315718228,0.38305924294063876,0.4814524638395891,0.5641354329797058,0.6154539682145265
50.7,0.27221160089493535,0.3462048757107624,0.6133469640305081,0.07083952580085406,0.8147190391245894,0.38227200000000006,True,0.27221160089493535,0.28396033467205306,0.28901256401691466,0.3388389737934875,0.3462048757107624,0.3787239592752035,0.5088684875424134,0.5524563875338624,0.6133469640305081
50.9,0.24622079955637505,0.3607757967654597,0.6237878733282589,0.044848724462293765,0.8251599484223402,0.453948,True,0.24622079955637505,0.27034431773673345,0.2862066999819527,0.30273472969080534,0.3607757967654597,0.40373115969759454,0.48932076205682923,0.5660522530743197,0.6237878733282589
51.1,0.25216799067533063,0.3608776441347445,0.6079715946048763,0.05079591558124935,0.8093436696989575,0.290686,True,0.25216799067533063,0.2662214400131826,0.3166327783170525,0.34924148920081943,0.3608776441347445,0.3708601156006073,0.5080419658458087,0.5516831320845462,0.6079715946048763
51.3,0.25931699438301054,0.3657572771753854,0.6096136598000524,0.05794491928892925,0.8109857348941337,0.3982000000000001,True,0.25931699438301054,0.2921692127491023,0.3414603794886439,0.36475622417425385,0.3657572771753854,0.39892767682811786,0.5104244960258197,0.5448406383705439,0.6096136598000524
51.5,0.2978798512559108,0.460453639021878,0.6085625584419246,0.09650777616182954,0.8099346335360059,0.29466799999999993,True,0.2978798512559108,0.36294441182358456,0.38697697561287836,0.43981284211162197,0.460453639021878,0.47489400588152614,0.5471676797006206,0.590203041029859,0.6085625584419246
51.7,0.33052355995100813,0.4697127807024418,0.6458019176778709,0.12915148485692685,0.8471739927719522,0.2588300000000001,True,0.33052355995100813,0.3655239491994351,0.39164815726849916,0.3993189993468985,0.4697127807024418,0.47808135405921093,0.5398144487778141,0.607677396276421,0.6458019176778709
51.9,0.32719450496431907,0.5031419121035551,0.652002378965693,0.12582242987023778,0.8533744540597743,0.17918999999999996,True,0.32719450496431907,0.3793086796710385,0.391129357134278,0.4655278576329427,0.5031419121035551,0.5097179540195604,0.5717096192322665,0.618038820701766,0.652002378965693
52.1,0.3367288520627723,0.5127706122044443,0.6424642051197705,0.13535677696869103,0.8438362802138518,0.26281200000000005,True,0.3367288520627723,0.37136056988274413,0.38228775807596893,0.4790137004587428,0.5127706122044443,0.5185014266364459,0.5876365035859313,0.6024273087850398,0.6424642051197705
52.3,0.3114922693677268,0.44260658217435034,0.6522841016366987,0.1101201942736455,0.85365617673078,0.3105960000000001,True,0.3114922693677268,0.3312664860910156,0.35189935123758576,0.3842587587293516,0.44260658217435034,0.4731871532676725,0.5640367217425589,0.605914232148612,0.6522841016366987
52.5,0.29749123139157096,0.41015386645155766,0.6521232925526939,0.09611915629748968,0.8534953676467751,0.2827219999999999,True,0.29749123139157096,0.30233459704243776,0.36308605173348496,0.4043316327465331,0.41015386645155766,0.4702495603630583,0.5658130925723185,0.5963823986755735,0.6521232925526939
52.7,0.2694347626166898,0.4057332423796386,0.6569475552618316,0.06806268752260852,0.8583196303559129,,False,0.2694347626166898,0.2908092982532986,0.3409548288344004,0.3869992764194673,0.4057332423796386,0.4839814765871685,0.555761633700787,0.596059992480146,0.6569475552618316
52.9,0.2823466742711488,0.4121301459774038,0.6555468680242796,0.08097459917706751,0.8569189431183609,0.28272200000000003,True,0.2823466742711488,0.29669923967759343,0.3563127516308807,0.37245070723281753,0.4121301459774038,0.48087354278404626,0.5689887835297914,0.6009911055705035,0.6555468680242796
53.1,0.15040129076332584,0.39465187876097196,0.6384710645176331,-0.05097078433075544,0.8398431396117144,0.4698760000000002,True,0.15040129076332584,0.23160834766842414,0.2843810885417696,0.3523168064964346,0.39465187876097196,0.47920839658270536,0.5504733690289803,0.5766616969903069,0.6384710645176331
53.3,0.14234128025967308,0.3946879380327763,0.6506540761338635,-0.05903079483440821,0.8520261512279448,0.3543980000000001,True,0.14234128025967308,0.2742112961522963,0.3061919108754411,0.3637817198936809,0.3946879380327763,0.4746071719404019,0.5588741000797701,0.5772525906315876,0.6506540761338635
53.5,0.2800540434866353,0.40070809905664456,0.6600737538506936,0.07868196839255404,0.8614458289447748,0.30661400000000005,True,0.2800540434866353,0.28977022117727147,0.3226027491940569,0.3876193712083579,0.40070809905664456,0.4690800494864092,0.5626752554589574,0.5765190913575494,0.6600737538506936
53.7,0.2696745656476813,0.40581240178993216,0.6495834327225074,0.06830249055359999,0.8509555078165887,0.3543980000000001,True,0.2696745656476813,0.32557350361553533,0.3260325865126311,0.39815864313366134,0.40581240178993216,0.4525940531245027,0.5657292586352989,0.5740156278959887,0.6495834327225074
53.9,0.28762272705193725,0.36673444280425,0.607207590324975,0.08625065195785597,0.8085796654190562,0.28670400000000007,True,0.28762272705193725,0.2881222783979418,0.29973677895363215,0.33300454450008343,0.36673444280425,0.4438796360986332,0.5700651184951444,0.5780984346990304,0.607207590324975
54.1,0.11477204309042335,0.35365967974254087,0.6061551835431026,-0.08660003200365793,0.8075272586371839,0.26281200000000005,True,0.11477204309042335,0.2778590107538093,0.2832547296544451,0.30783758203778266,0.35365967974254087,0.4233270341670827,0.526154346377734,0.5686860685455983,0.6061551835431026
54.3,0.09729452609911247,0.3664354164108018,0.5986819661456039,-0.10407754899496881,0.8000540412396852,0.3105960000000001,True,0.09729452609911247,0.25639349120633753,0.28164201636857156,0.32192350298177586,0.3664354164108018,0.4698654649676385,0.5324306102775247,0.5594890287565077,0.5986819661456039
54.5,0.11866391446056693,0.442689657501559,0.6220961042401186,-0.08270816063351435,0.8234681793341999,0.40218199999999993,True,0.11866391446056693,0.23663177864699672,0.28507080123252043,0.357912031884747,0.442689657501559,0.5478569248233471,0.5820579014442574,0.6118522957542368,0.6220961042401186
54.7,0.13108809525439216,0.37508099596831423,0.6415478048400197,-0.07028397983968912,0.842919879934101,0.386254,True,0.13108809525439216,0.2526299633793735,0.29954407147933687,0.30303444950770125,0.37508099596831423,0.5338543064598016,0.5590875645559872,0.5705674501386238,0.6415478048400197
54.9,0.11631129093593971,0.345829874374293,0.6253727580119466,-0.08506078415814157,0.8267448331060279,0.39421799999999996,True,0.11631129093593971,0.24295631250107996,0.26361161441454506,0.3196180520489234,0.345829874374293,0.5065841452096296,0.545623829692968,0.5558672244180028,0.6253727580119466
55.1,0.10543633216459404,0.35485058318082396,0.6074685043101741,-0.09593574292948724,0.8088405794042554,0.354398,True,0.10543633216459404,0.2748988452991997,0.2806622334763939,0.33555252748232284,0.35485058318082396,0.500084772704221,0.536530426557434,0.5452491583899151,0.6074685043101741
55.3,0.29407665234519187,0.3473683807446089,0.6415370242311021,0.09270457725111059,0.8429090993251834,0.23493799999999998,True,0.29407665234519187,0.30795928621667734,0.32522347589004114,0.3313059534511533,0.3473683807446089,0.37618457189544435,0.5301181416903964,0.5802547633221826,0.6415370242311021
55.5,0.298871889272511,0.43100698461195086,0.6356768278704789,0.09749981417842973,0.8370489029645601,0.42607400000000006,True,0.298871889272511,0.32830308131641917,0.3519770194727704,0.354320269743955,0.43100698461195086,0.43155392756307537,0.5573601644566056,0.609898891965437,0.6356768278704789
55.7,0.2765045393052921,0.45008882575926323,0.6255876526487383,0.07513246421121084,0.8269597277428196,0.14733400000000008,True,0.2765045393052921,0.36952494708988554,0.41449383643796966,0.41592395378033137,0.45008882575926323,0.4571489848062559,0.5757536809608531,0.615520307041051,0.6255876526487383
55.9,0.2790174726096602,0.4323588015465547,0.6152239316926761,0.07764539751557892,0.8165960067867574,0.25086600000000003,True,0.2790174726096602,0.3567517090438651,0.3760038197692399,0.3923481704763803,0.4323588015465547,0.4487857441475917,0.5745654177504522,0.6059461232093647,0.6152239316926761
56.1,0.29240635516874713,0.43629900546557004,0.6153200008396917,0.09103428007466585,0.816692075933773,0.32652400000000004,True,0.29240635516874713,0.35957513029366023,0.3696911193654489,0.3827906121727087,0.43629900546557004,0.45449695844969057,0.5675543906528597,0.6090606797369031,0.6153200008396917
56.3,0.29381476372351384,0.4634160589420339,0.6365360547892601,0.09244268862943256,0.8379081298833414,0.4181100000000001,True,0.29381476372351384,0.36612244573770736,0.4031966209089195,0.4134158923462448,0.4634160589420339,0.4776087148432459,0.584006590224907,0.6348858669179214,0.6365360547892601
56.5,0.300708390083555,0.457011508658654,0.6543421857224266,0.0993363149894737,0.8557142608165079,0.19909999999999994,True,0.300708390083555,0.37324084368983196,0.3999639091619563,0.4113993782884239,0.457011508658654,0.470617346770646,0.611878231550749,0.6448237102974582,0.6543421857224266
56.7,0.2505328087037615,0.37517366236149935,0.5900894401338085,0.04916073360968021,0.7914615152278898,0.33050599999999997,True,0.2505328087037615,0.3197409406708758,0.32599342857252445,0.33211819773493023,0.37517366236149935,0.4247281797699854,0.4977942249736089,0.5284250355358218,0.5900894401338085
56.9,0.10356000167264956,0.3675993918575759,0.5847697834646708,-0.09781207342143172,0.7861418585587521,0.442002,True,0.10356000167264956,0.2744963008611639,0.27552730636813716,0.2901316371272705,0.3675993918575759,0.41345858420906867,0.49719508968429127,0.497391492605269,0.5847697834646708
57.1,0.1149723980908641,0.33016015904217727,0.5147539446955369,-0.08639967700321718,0.7161260197896182,0.46589400000000003,True,0.1149723980908641,0.2728585737027357,0.3196376396083284,0.32831057910866257,0.33016015904217727,0.45862600113392743,0.48337099101690867,0.4987001106605294,0.5147539446955369
57.3,0.10302453898548679,0.3701498085860704,0.5842248701828695,-0.0983475361085945,0.7855969452769508,0.4499660000000001,True,0.10302453898548679,0.26333051776989197,0.2942582402714765,0.30606838213707127,0.3701498085860704,0.41085103128476325,0.5021388121463436,0.5044273442031995,0.5842248701828695
57.5,0.10446682048935886,0.4347255234817009,0.6091901957709163,-0.09690525460472242,0.8105622708649975,0.47784000000000015,True,0.10446682048935886,0.28703790915823346,0.3060858589232676,0.3653100247448997,0.4347255234817009,0.510022847823061,0.5597244552610022,0.5989967034166507,0.6091901957709163
57.7,0.23581634252225475,0.4307044327869959,0.6527143486838911,0.03444426742817347,0.8540864237779724,0.25883,True,0.23581634252225475,0.30538944162095755,0.32498965101289673,0.3591779551901086,0.4307044327869959,0.49323844234106734,0.5945803221695105,0.637358591610398,0.6527143486838911
57.9,0.26810890280904787,0.4335780975088418,0.6541013505885586,0.06673682771496658,0.8554734256826398,0.48978600000000005,True,0.26810890280904787,0.3097388752120306,0.32796070092571383,0.4070525139671134,0.4335780975088418,0.4418148868604046,0.5668933160994238,0.6000487482196473,0.6541013505885586
58.1,0.2653127434286316,0.4117382372762145,0.6542507184970489,0.06394066833455031,0.8556227935911301,0.39421799999999996,True,0.2653127434286316,0.3167305508694076,0.32824292283136175,0.39674796778715987,0.4117382372762145,0.43054618752170176,0.5389086580689695,0.6082488844428834,0.6542507184970489
58.3,0.2751726547392928,0.3548554430577754,0.6383232436677927,0.07380057964521153,0.839695318761874,0.53757,True,0.2751726547392928,0.2846057592052384,0.33567986636307884,0.35259478829611296,0.3548554430577754,0.3888543835171018,0.5340759201965982,0.5841299548269758,0.6383232436677927
58.5,0.23564437013490083,0.36298186848016795,0.6166486537096478,0.03427229504081955,0.8180207288037291,0.25883,True,0.23564437013490083,0.26112097225613246,0.3263175018909583,0.3509251533252123,0.36298186848016795,0.408336279744045,0.49561269930695634,0.5544428030430896,0.6166486537096478
58.7,0.22261859004593249,0.3521090181023578,0.6401227707654067,0.021246514951851203,0.841494845859488,0.29466800000000004,True,0.22261859004593249,0.25095049026681604,0.30837380131858105,0.3268365011052567,0.3521090181023578,0.4198417173161535,0.4912049789549431,0.5773515815895552,0.6401227707654067
58.9,0.21302884562044935,0.32020807162045223,0.6239328821405526,0.011656770526368071,0.8253049572346339,0.410146,True,0.21302884562044935,0.2531738883804712,0.30691074284792325,0.31897589864185033,0.32020807162045223,0.4048023721244496,0.48040262926943844,0.5536296265000422,0.6239328821405526
59.1,0.11863344544084889,0.3527522499392832,0.6166486537096478,-0.08273862965323239,0.8180207288037291,0.17520800000000003,True,0.11863344544084889,0.2258208054757216,0.30012429728079815,0.34096358919311576,0.3527522499392832,0.42059679483969137,0.5110723205326219,0.5445614283348896,0.6166486537096478
59.3,0.12555516229818864,0.39383085732551953,0.6384547733692653,-0.07581691279589264,0.8398268484633465,0.505714,True,0.12555516229818864,0.28276890760187695,0.28910579718628293,0.317908708521236,0.39383085732551953,0.3987193643242317,0.5168130996211234,0.5848987055612335,0.6384547733692653
59.5,0.12694928521033583,0.3887940545234075,0.6097486568292131,-0.07442278988374545,0.8111207319232944,0.47784000000000015,True,0.12694928521033583,0.2541367730867824,0.3147684154892175,0.3827040524585991,0.3887940545234075,0.438589658044142,0.5614315365580773,0.5706704080710848,0.6097486568292131
59.7,0.10667373240748401,0.3677827771929705,0.6049900855235257,-0.09469834268659727,0.806362160617607,0.46987600000000007,True,0.10667373240748401,0.2937681356531626,0.3515110579447843,0.3669904298648116,0.3677827771929705,0.37781017536068345,0.5186279151970243,0.5474485171231501,0.6049900855235257
59.9,0.10861204363930772,0.3434703680009872,0.6058263096288216,-0.09276003145477356,0.8071983847229028,0.30661400000000005,True,0.10861204363930772,0.24605177995654456,0.3078935013645666,0.308339310434241,0.3434703680009872,0.4080715072900119,0.5106226676601566,0.5234886139036389,0.6058263096288216
60.1,0.14141190075811777,0.4341373264563076,0.6347966373345723,-0.05996017433596351,0.8361687124286535,0.4499660000000001,True,0.14141190075811777,0.2839765628983081,0.37194781096944496,0.39729489796102085,0.4341373264563076,0.4819028341183234,0.5659404045714704,0.5709010100260824,0.6347966373345723
60.3,0.11840847162099133,0.36213572762659285,0.6367847409479691,-0.08296360347308995,0.8381568160420504,0.493768,True,0.11840847162099133,0.2738010811466088,0.2980843547380039,0.3424194988683406,0.36213572762659285,0.42871380612820564,0.5281978841372382,0.5715542880642122,0.6367847409479691
60.5,0.11466766393345605,0.38846299104801973,0.649834937229815,-0.08670441116062523,0.8512070123238963,0.4420020000000001,True,0.11466766393345605,0.2701199563697363,0.3106606391658073,0.38587140327754266,0.38846299104801973,0.4080284282798413,0.5127400196875445,0.587514548429004,0.649834937229815
60.7,0.12121847857261044,0.3866101296031682,0.6371570760329961,-0.08015359652147085,0.8385291511270774,0.3782900000000001,True,0.12121847857261044,0.2716933165162148,0.33066922436639845,0.34916469358924695,0.3866101296031682,0.4383273940318568,0.576743274340962,0.5966580585561335,0.6371570760329961
60.9,0.13988063561192865,0.35529451161141556,0.6376499474532701,-0.06149143948215263,0.8390220225473514,0.3305060000000001,True,0.13988063561192865,0.26566441228354204,0.28960928571645445,0.33584415549202923,0.35529451161141556,0.379326953198963,0.5309104434828943,0.5677846931272394,0.6376499474532701
61.1,0.12528415378865734,0.3602724322689233,0.6075408808865294,-0.07608792130542394,0.8089129559806106,0.4658939999999999,True,0.12528415378865734,0.2557042358316868,0.2956667631695639,0.35546433081799855,0.3602724322689233,0.3872440730985812,0.5028329112703182,0.5412163244644613,0.6075408808865294
61.3,0.28436355786888257,0.38787765807750724,0.6075969234419246,0.08299148277480128,0.8089689985360059,0.48978600000000005,True,0.28436355786888257,0.28641809754602904,0.33241445115657675,0.37802530981656385,0.38787765807750724,0.42169127412393415,0.4961230000791479,0.562622569756069,0.6075969234419246
61.5,0.2744375785243194,0.39890388188719117,0.6198023202321897,0.0730655034302381,0.821174395326271,0.5057140000000001,True,0.2744375785243194,0.29164839883904853,0.3147728001042301,0.39123517055936485,0.39890388188719117,0.44106006150590704,0.504352468381119,0.571989950361171,0.6198023202321897
61.7,0.2879480286081847,0.431908922966053,0.6088650923478185,0.08657595351410341,0.8102371674418998,0.302632,True,0.2879480286081847,0.3222084327045518,0.36882107133307995,0.41883894652649745,0.431908922966053,0.4347300320220814,0.5553211919775278,0.5976327769634578,0.6088650923478185
61.9,0.2559033579912777,0.3693750918243222,0.607915744653099,0.05453128289719644,0.8092878197471803,0.27874,True,0.2559033579912777,0.2605734830040085,0.3234733939694087,0.36641530863808763,0.3693750918243222,0.3719400089196109,0.5009939697164839,0.534778779797235,0.607915744653099
62.1,0.2991306889099278,0.369810179028304,0.6511519297968944,0.0977586138158465,0.8525240048909757,0.37032600000000004,True,0.2991306889099278,0.29974673022591236,0.3025380154242614,0.358675526819718,0.369810179028304,0.3788722284070373,0.5351301011506061,0.6128655689496334,0.6511519297968944
62.3,0.2874497467856951,0.4336344792684081,0.6546871751639021,0.08607767169161384,0.8560592502579834,0.3782899999999999,True,0.2874497467856951,0.3172054210480805,0.3342423973756418,0.4171060655087461,0.4336344792684081,0.44953319389061724,0.5817022220252767,0.6357337203576855,0.6546871751639021
62.5,0.2766495557060085,0.4267682473868775,0.654265054831103,0.07527748061192724,0.8556371299251843,0.42607400000000006,True,0.2766495557060085,0.32182705673598305,0.35010844357695076,0.3813187452583017,0.4267682473868775,0.4393577848819136,0.5609080682993917,0.6163923078532889,0.654265054831103
62.7,0.2697073919073585,0.42949880830109266,0.6575670415945282,0.0683353168132772,0.8589391166886094,0.42607400000000006,True,0.2697073919073585,0.3115224712180843,0.3324152124705317,0.4216815630226934,0.42949880830109266,0.43066339634769313,0.52871152391813,0.6003027622521382,0.6575670415945282
62.9,0.12663360724460562,0.4259928402840211,0.650343349440604,-0.07473846784947566,0.8517154245346853,0.44598400000000005,True,0.12663360724460562,0.2810898728018368,0.33503816598193087,0.4099571578438431,0.4259928402840211,0.4328725952836626,0.5514377661710534,0.5862543393192866,0.650343349440604
63.1,0.15291650007970084,0.3874006003596888,0.6512219938178753,-0.04845557501438044,0.8525940689119565,0.430056,True,0.15291650007970084,0.24639825128464396,0.34669954045083595,0.3613426117890683,0.3874006003596888,0.45531310018244187,0.5553292322146876,0.5664044936809333,0.6512219938178753
63.3,0.1652006993678541,0.38871018958956416,0.6527379316386689,-0.036171375726227195,0.8541100067327502,0.461912,True,0.1652006993678541,0.27601024922610196,0.3205855653466324,0.34536960126670146,0.38871018958956416,0.41970319040083204,0.5375747409435186,0.573674265961688,0.6527379316386689
63.5,0.1505976563376371,0.3719093583834201,0.6561311474301055,-0.05077441875644417,0.8575032225241868,0.42607400000000006,True,0.1505976563376371,0.2698508092009717,0.29531737755847404,0.3175497180155206,0.3719093583834201,0.4166739369916854,0.5248926663524206,0.5711706436897759,0.6561311474301055
63.7,0.10647039192174514,0.3828307619918857,0.5971159870044069,-0.09490168317233615,0.7984880620984882,0.37829,True,0.10647039192174514,0.27042930568550677,0.28712747860961424,0.33515626938138227,0.3828307619918857,0.454024270563446,0.5188756872747555,0.5433927123076415,0.5971159870044069
63.9,0.2409677384781713,0.3812825797510869,0.6050003004135841,0.03959566338409001,0.8063723755076654,0.40218199999999993,True,0.2409677384781713,0.33582493006820924,0.33684349101760486,0.36112099763796646,0.3812825797510869,0.48045082150639545,0.5371891765201274,0.5559542070638183,0.6050003004135841
64.1,0.27418999062871874,0.3986357771470173,0.5662317625177634,0.07281791553463746,0.7676038376118447,0.40616399999999997,True,0.27418999062871874,0.3483372299074809,0.3608931196886191,0.37821383237791845,0.3986357771470173,0.48734554531589114,0.5163864347691943,0.5568989705110494,0.5662317625177634
64.3,0.2423096801660164,0.42558970841666394,0.5906377251822813,0.04093760507193511,0.7920098002763626,0.37032600000000004,True,0.2423096801660164,0.320898379978545,0.3369776913107294,0.3879226710082752,0.42558970841666394,0.5209851695690111,0.5612715955068063,0.5618299197534543,0.5906377251822813
64.5,0.11440647730315927,0.3592710105782469,0.591314777777514,-0.08696559779092201,0.7926868528715952,0.22299199999999997,True,0.11440647730315927,0.24908460818613332,0.2997679479923049,0.3068364858789859,0.3592710105782469,0.4731828811161376,0.5165756471636623,0.5393764705468513,0.591314777777514
64.7,0.09600267968185688,0.38699361386632314,0.6157462710116169,-0.1053693954122244,0.8171183461056982,,False,0.09600267968185688,0.2584753849040621,0.35766189712530344,0.3661198856153577,0.38699361386632314,0.46484027278457757,0.5347468969475299,0.55107982002468,0.6157462710116169
64.9,0.1380699832388437,0.4375023680356649,0.6217008038761526,-0.06330209185523758,0.8230728789702338,0.17919000000000007,True,0.1380699832388437,0.2986094876023524,0.3746948224279896,0.3815454206074224,0.4375023680356649,0.5198571374581056,0.5529647425167462,0.5879436927258385,0.6217008038761526
65.1,0.08824028728226287,0.38331437583838174,0.6070726436745189,-0.11313178781181842,0.8084447187686001,0.25086600000000003,True,0.08824028728226287,0.255193299824747,0.3476482332287353,0.3714670543722266,0.38331437583838174,0.4509698876456701,0.5334680580840249,0.5466612539669844,0.6070726436745189
65.3,0.14184833096040805,0.3581645789769462,0.6159457576909048,-0.05952374413367323,0.817317832784986,0.46589400000000003,True,0.14184833096040805,0.26924291641582315,0.2855694597933229,0.3500087764159717,0.3581645789769462,0.4204445737498541,0.522840973389016,0.5609815359377657,0.6159457576909048
65.5,0.2945880024599263,0.4292602725096404,0.6617090599810485,0.093215927365845,0.8630811350751297,0.485804,True,0.2945880024599263,0.30082028637826,0.33886383135941683,0.41230080465680097,0.4292602725096404,0.43721165971050674,0.5586792017420301,0.586483129675905,0.6617090599810485
65.7,0.2519762020671794,0.3659589463118194,0.6844181477763706,0.05060412697309813,0.8857902228704518,0.2787399999999999,True,0.2519762020671794,0.29801259399825597,0.3136750625139608,0.3358155575930025,0.3659589463118194,0.4097700555217153,0.527838558177392,0.6120590306357603,0.6844181477763706
65.9,0.28617530221404824,0.42095922054674356,0.6395882696902909,0.08480322711996696,0.8409603447843722,0.28670399999999996,True,0.28617530221404824,0.30290783237744373,0.35348753881973566,0.4048410855790961,0.42095922054674356,0.45462779567956896,0.5737401143846933,0.5965201051152126,0.6395882696902909
66.1,0.2817553434285478,0.39417723003476757,0.6429468495749552,0.08038326833446652,0.8443189246690365,0.28670399999999996,True,0.2817553434285478,0.29587863837908246,0.33504516260901224,0.36915404664873763,0.39417723003476757,0.4044927794145749,0.5180893238754961,0.5623764739885717,0.6429468495749552
66.3,0.13917552792438392,0.38631159294876205,0.6462413013381573,-0.06219654716969736,0.8476133764322386,0.21104600000000007,True,0.13917552792438392,0.2804324770995464,0.30288980731566684,0.3510628603762729,0.38631159294876205,0.4058923226520153,0.5253390405672433,0.5645319109500125,0.6462413013381573
66.5,0.12612129725598614,0.3784240748937243,0.636580758036622,-0.07525077783809514,0.8379528331307032,0.23892000000000002,True,0.12612129725598614,0.2643675579126061,0.26666060145429016,0.34832942826199637,0.3784240748937243,0.38196629227378104,0.534179785388213,0.5447223029687618,0.636580758036622
66.7,0.12612129725598614,0.4234106731195736,0.6337336948675804,-0.07525077783809514,0.8351057699616616,0.41811,True,0.12612129725598614,0.27427868406665146,0.2833822884829424,0.3672274952981573,0.4234106731195736,0.4493851104768584,0.5895180604064528,0.5916679512037418,0.6337336948675804
66.9,0.1314859030753758,0.4230721313028151,0.6511238083011841,-0.06988617201870548,0.8524958833952654,0.151316,True,0.1314859030753758,0.2872289126377526,0.29982819791658877,0.35209143376562757,0.4230721313028151,0.43060238949593704,0.5565786305391307,0.5804229585158822,0.6511238083011841
67.1,0.13602298947886482,0.43553244028648147,0.6504102881275509,-0.06534908561521646,0.8517823632216321,0.42209200000000013,True,0.13602298947886482,0.28402966041712735,0.3150000124803468,0.3673551563593829,0.43553244028648147,0.4429686415341697,0.5554492920284959,0.5931594224022089,0.6504102881275509
67.3,0.1311024535113047,0.5126310037051379,0.6512920587685002,-0.07026962158277658,0.8526641338625814,0.3424520000000001,True,0.1311024535113047,0.3315561653438098,0.38779994832880954,0.4647912409841941,0.5126310037051379,0.5640561335329526,0.6265694975819145,0.6312832454879179,0.6512920587685002
67.5,0.11294237694994323,0.4404175372295706,0.6511193187617531,-0.08842969814413805,0.8524913938558344,0.3305060000000001,True,0.11294237694994323,0.3116761710200764,0.35387549235883264,0.3620786729046256,0.4404175372295706,0.44591143981377523,0.5757467959821594,0.6128968375581592,0.6511193187617531
67.7,0.11294237694994323,0.4406034680892463,0.6469678757412657,-0.08842969814413805,0.848339950835347,0.44598399999999994,True,0.11294237694994323,0.31300142640535683,0.3635520150634268,0.36427365057956507,0.4406034680892463,0.4605785205068381,0.575354962459251,0.6175117459381021,0.6469678757412657
67.9,0.30151190360689106,0.46507581401106773,0.6503723484075703,0.10013982851280978,0.8517444235016516,0.22299199999999997,True,0.30151190360689106,0.3125596841032791,0.4145139311530654,0.4174474116295388,0.46507581401106773,0.5252553696362683,0.6325705995881352,0.6490670160712655,0.6503723484075703
68.1,0.2791485006110185,0.40157963702379185,0.6482683550929896,0.0777764255169372,0.8496404301870709,0.33846999999999994,True,0.2791485006110185,0.28111531273335333,0.3667156422102849,0.3805407396619123,0.40157963702379185,0.47698711426213175,0.5499082308159817,0.5756795599590123,0.6482683550929896
68.3,0.288024760136898,0.3990208933542083,0.6474685100098121,0.0866526850428167,0.8488405851038934,0.37032599999999993,True,0.288024760136898,0.30008198697004107,0.36196875625796454,0.36818646129403515,0.3990208933542083,0.4747108547408439,0.5749618705355477,0.5920486912208535,0.6474685100098121
68.5,0.3000029997217796,0.45303298112224616,0.680690173826032,0.09863092462769829,0.8820622489201133,0.22299200000000008,True,0.3000029997217796,0.3493390521637148,0.39352044703414985,0.4149360468893702,0.45303298112224616,0.4715432361839515,0.5949295315277384,0.6380000115304603,0.680690173826032
68.7,0.29623359525236764,0.39341044308605083,0.6376769137107408,0.09486152015828636,0.839048988804822,0.1513159999999999,True,0.29623359525236764,0.32142352875241786,0.33154143251697826,0.3852332025803841,0.39341044308605083,0.451038730261876,0.5150105351401754,0.5996245298906421,0.6376769137107408
68.9,0.28147318690669576,0.39176106516526743,0.6075969234419246,0.08010111181261448,0.8089689985360059,0.270776,True,0.28147318690669576,0.2961846149201612,0.3276033011519686,0.38542164070210044,0.39176106516526743,0.43134465499837027,0.5066081737735801,0.5559662454676886,0.6075969234419246
69.1,0.2867310233700852,0.38811870101185,0.6150876932776294,0.08535894827600393,0.8164597683717106,0.31855999999999995,True,0.2867310233700852,0.28995999017775737,0.3361608946207422,0.35846518650908266,0.38811870101185,0.3912916361166627,0.5155550701970373,0.5704803790793559,0.6150876932776294
69.3,0.28740102988385013,0.3555838753168326,0.6069117582093647,0.08602895478976885,0.808283833303446,0.290686,True,0.28740102988385013,0.2892439566744533,0.3048205458433749,0.3426613205997701,0.3555838753168326,0.38080528451496587,0.4995708661494079,0.5565507236766187,0.6069117582093647
69.5,0.29119278667470716,0.38801513674725835,0.6220909997950115,0.08982071158062588,0.8234630748890928,0.44598400000000016,True,0.29119278667470716,0.3272684029702388,0.33257281949064876,0.38480785292904535,0.38801513674725835,0.40665820195421354,0.48825901232888,0.5652379156631498,0.6220909997950115
69.7,0.2635779387239517,0.34594525232725837,0.6056936481213757,0.062205863629870406,0.807065723215457,0.28272200000000014,True,0.2635779387239517,0.28588087793483347,0.2943210674460689,0.33478385016856205,0.34594525232725837,0.3570738456037384,0.48327260366447455,0.5440072546929612,0.6056936481213757
69.9,0.2559511235615691,0.3785357245060738,0.6056936481213757,0.054579048467487845,0.807065723215457,0.28272200000000003,True,0.2559511235615691,0.27005475378808047,0.32813780763643163,0.33624300632568843,0.3785357245060738,0.39191075674108045,0.5046636155498885,0.5610639707695512,0.6056936481213757
70.1,0.25433239866836643,0.4618120766350299,0.628465562530442,0.05296032357428515,0.8298376376245232,0.29466800000000004,True,0.25433239866836643,0.31551152720778636,0.3425336899170191,0.43330427218080125,0.4618120766350299,0.4972986367572199,0.5844999529532627,0.6149226059782719,0.628465562530442
70.3,0.2666293821085837,0.4135946582316322,0.6163912583344646,0.06525730701450244,0.8177633334285459,0.41412800000000016,True,0.2666293821085837,0.29830548163678783,0.334749563951275,0.40279482579742476,0.4135946582316322,0.4738665455142259,0.5319393616475545,0.5921267507293353,0.6163912583344646
70.5,0.26858551633108946,0.4006541998803472,0.638780191067827,0.06721344123700818,0.8401522661619083,0.4181100000000001,True,0.26858551633108946,0.29533234042264384,0.3704235040298139,0.38866558891126,0.4006541998803472,0.48389639574994386,0.5256296081817112,0.5931489983267904,0.638780191067827
70.7,0.31079778206876413,0.48436048266664466,0.6858249206120651,0.10942570697468285,0.8871969957061464,0.16326200000000002,True,0.31079778206876413,0.3762244523413309,0.38801785638945085,0.40649952363679304,0.48436048266664466,0.5209663366426867,0.6099312489396245,0.6759065862530793,0.6858249206120651
70.9,0.3063361834717272,0.4868300804756833,0.6780894464353554,0.10496410837764591,0.8794615215294367,0.37032599999999993,True,0.3063361834717272,0.3696348854619449,0.37377813496700174,0.4142623609820634,0.4868300804756833,0.5162758173675189,0.6278090002990353,0.6648818009886187,0.6780894464353554
71.1,0.28499077605420514,0.4867786516167442,0.6584471692777595,0.08361870096012386,0.8598192443718408,0.26281200000000005,True,0.28499077605420514,0.3542144765463948,0.42701647964255074,0.43097211467689167,0.4867786516167442,0.5250139126256014,0.6104834956219506,0.6352499746976756,0.6584471692777595
71.3,0.1239604242752726,0.49820133613998935,0.7869704072765304,-0.07741165081880869,0.9883424823706117,0.430056,True,0.1239604242752726,0.29717283815275,0.329016501052923,0.394450609414236,0.49820133613998935,0.5276144949226976,0.6566431337453963,0.7381462142344508,0.7869704072765304
71.5,0.11117193666332138,0.44907738629786564,0.6590795386598305,-0.0902001384307599,0.8604516137539118,0.270776,True,0.11117193666332138,0.2816225416525824,0.35133585581237964,0.36893727039667645,0.44907738629786564,0.48169804074226596,0.5793487373399553,0.6283823720115064,0.6590795386598305
71.7,0.09347751436635256,0.4280597860111625,0.625225134356803,-0.10789456072772872,0.8265972094508843,0.2787400000000001,True,0.09347751436635256,0.2723369380942233,0.32687054601586185,0.3465704117529022,0.4280597860111625,0.4299164498149092,0.557838637154488,0.6142860192763386,0.625225134356803
71.9,0.10020449655550771,0.3445057190435271,0.6078062655933004,-0.10116757853857357,0.8091783406873817,0.22299199999999997,True,0.10020449655550771,0.24178081649403338,0.2910408322447823,0.30401301141679865,0.3445057190435271,0.3758535683160485,0.4974330849953745,0.5269455519239851,0.6078062655933004
72.1,0.11100468763519432,0.34527735354513517,0.6080505937527089,-0.09036738745888696,0.8094226688467901,0.17918999999999996,True,0.11100468763519432,0.23962796919137802,0.27313246023990834,0.3142773796484053,0.34527735354513517,0.38406054947147567,0.506385457939576,0.53272925819528,0.6080505937527089
72.3,0.2555163435973198,0.34444330858202393,0.6080505937527089,0.0541442685032385,0.8094226688467901,0.346434,True,0.2555163435973198,0.2765090116100344,0.29719427862983727,0.32655475855445376,0.34444330858202393,0.3574572764197326,0.49278435602704945,0.5540976314564817,0.6080505937527089
72.5,0.2805782291436287,0.4040708773553894,0.6117206882193263,0.0792061540495474,0.8130927633134076,0.39421800000000007,True,0.2805782291436287,0.33885653491030393,0.34593801134046753,0.39385853539859295,0.4040708773553894,0.4332404143764671,0.5455730569392269,0.5847757195175999,0.6117206882193263
72.7,0.3096720803521976,0.39811943573902653,0.6172361857790227,0.10830000525811634,0.818608260873104,0.3862540000000001,True,0.3096720803521976,0.3261238695844736,0.335670331087831,0.38938683871366964,0.39811943573902653,0.4491521179578815,0.518579613138067,0.5601362117699898,0.6172361857790227
72.9,0.29119262196712214,0.3765090269398827,0.6099243757445361,0.08982054687304086,0.8112964508386173,0.14335199999999992,True,0.29119262196712214,0.29870869077764783,0.3000403874174305,0.3569000691397182,0.3765090269398827,0.4266678356966438,0.5060532112379394,0.553184160578304,0.6099243757445361
73.1,0.2823620234733968,0.36433351551996607,0.6058626041339611,0.0809899483793155,0.8072346792280424,0.246884,True,0.2823620234733968,0.28639058908627313,0.33021471038956096,0.35984390597814037,0.36433351551996607,0.3814476258297775,0.49551613251921517,0.5398548409087712,0.6058626041339611
73.3,0.2910329618350799,0.37549794246555923,0.6087963489849675,0.08966088674099859,0.8101684240790488,0.2667940000000001,True,0.2910329618350799,0.29568772461002635,0.32355084886791424,0.36123840034599186,0.37549794246555923,0.4105512857184416,0.5280296157811621,0.5578098329945957,0.6087963489849675
73.5,0.27775432214111195,0.35852132986078045,0.6072690762071126,0.07638224704703067,0.8086411513011939,0.2349380000000001,True,0.27775432214111195,0.2798591958131288,0.2805717632440645,0.3155965359879175,0.35852132986078045,0.3643371260513876,0.4839833069966433,0.5699348706747047,0.6072690762071126
73.7,0.2842210723600327,0.3401325652799587,0.6058626041339611,0.08284899726595141,0.8072346792280424,0.3862540000000001,True,0.2842210723600327,0.3023033895337002,0.305617149699002,0.32135853599348935,0.3401325652799587,0.3638671614692766,0.5007655982902842,0.5536448200028737,0.6058626041339611
73.9,0.30104647093976095,0.3611885523219911,0.607513404366521,0.09967439584567966,0.8088854794606023,0.46987599999999996,True,0.30104647093976095,0.31275325881706695,0.32176235071999276,0.3508852012517091,0.3611885523219911,0.3809868178902058,0.4848539486733144,0.5571616531992141,0.607513404366521
74.1,0.28001396113192945,0.42365606521446886,0.607513404366521,0.07864188603784816,0.8088854794606023,0.41412800000000005,True,0.28001396113192945,0.3348234674872612,0.3549218389481717,0.40359997545975135,0.42365606521446886,0.43030744664029136,0.5236442291141599,0.5929022283585855,0.607513404366521
74.3,0.2851295804153294,0.42031892053789677,0.6525132741090818,0.0837575053212481,0.8538853492031631,0.31856000000000007,True,0.2851295804153294,0.357432829710242,0.36973594529818876,0.4025340844983823,0.42031892053789677,0.43835419297825023,0.5466974341694738,0.6287989671839994,0.6525132741090818
74.5,0.2796779152225962,0.4523641133153443,0.6187604690455368,0.07830584012851494,0.8201325441396181,0.2667940000000001,True,0.2796779152225962,0.3936625954599045,0.40374065844276474,0.4368840654618552,0.4523641133153443,0.46375554955200854,0.5649469676232423,0.6167335735688911,0.6187604690455368
74.7,0.28413951381963315,0.4419422409877165,0.6092428037331864,0.08276743872555187,0.8106148788272677,0.19113600000000008,True,0.28413951381963315,0.366629266048833,0.39496151203451435,0.4287953633346138,0.4419422409877165,0.4751060278032929,0.5433806349199358,0.6003276451871794,0.6092428037331864
74.9,0.2849316664518545,0.4552101358339247,0.6392618689680427,0.08355959135777324,0.840633944062124,0.1911360000000002,True,0.2849316664518545,0.3804053488507362,0.38427411590926336,0.41099838439588976,0.4552101358339247,0.4582708978927498,0.5608716623035392,0.6373959073568953,0.6392618689680427
75.1,0.32352090738021766,0.3724497601816443,0.6396430068219416,0.12214883228613638,0.8410150819160229,0.3145779999999999,True,0.32352090738021766,0.3301891461993763,0.35938163770670023,0.3626595273493561,0.3724497601816443,0.3748321572511186,0.5240126862409425,0.5837488614795564,0.6396430068219416
75.3,0.2816113825443604,0.36590201569869263,0.6546339565914803,0.08023930745027913,0.8560060316855616,0.453948,True,0.2816113825443604,0.31666674140404144,0.34303328751242007,0.3652329598052677,0.36590201569869263,0.39527065532371264,0.5374971703221278,0.586050091998325,0.6546339565914803
75.5,0.2698270381523236,0.35768586346633174,0.6154539682145265,0.06845496305824234,0.8168260433086078,0.48978599999999994,True,0.2698270381523236,0.2850394121153945,0.30975073229796496,0.3355241195898067,0.35768586346633174,0.39407907243797474,0.488754804169367,0.5773856960984048,0.6154539682145265
75.7,0.24835936489358212,0.36261344385523486,0.6144048141391228,0.04698728979950084,0.8157768892332041,0.37032600000000016,True,0.24835936489358212,0.2548939078414314,0.31553197543565337,0.3449859706520628,0.36261344385523486,0.39343246127275533,0.4931246534727954,0.5760745971865764,0.6144048141391228
75.9,0.2770286342582154,0.33251998283605577,0.6210370527818079,0.07565655916413411,0.8224091278758892,0.4380200000000001,True,0.2770286342582154,0.28667339552903215,0.31177397211232444,0.3214571316859159,0.33251998283605577,0.37688893988192246,0.5064308356870777,0.5681329126905048,0.6210370527818079
76.1,0.29889577149447893,0.3573001409128425,0.6058096157252599,0.09752369640039765,0.8071816908193412,0.21104599999999996,True,0.29889577149447893,0.31912189108952305,0.32687478596717756,0.3306414380075364,0.3573001409128425,0.3840097301937372,0.49780367811258336,0.562194548180632,0.6058096157252599
76.3,0.2640353088899887,0.38093815790719654,0.6072690762071126,0.06266323379590744,0.8086411513011939,0.34643400000000013,True,0.2640353088899887,0.31786821271051474,0.3299195245884199,0.3376002905846163,0.38093815790719654,0.39714379246447656,0.4740306319961899,0.5728074147539838,0.6072690762071126
76.5,0.30899261786473675,0.4203929680450202,0.6058626041339611,0.10762054277065547,0.8072346792280424,0.26281200000000005,True,0.30899261786473675,0.36788704192620447,0.37346514229147565,0.39330675694710626,0.4203929680450202,0.43692107743316955,0.5563290512221863,0.602779543882015,0.6058626041339611
76.7,0.2830963094774693,0.35455809309895586,0.6066674300499563,0.081724234383388,0.8080395051440376,0.302632,True,0.2830963094774693,0.28521257569151776,0.31087627954195624,0.35159772330032063,0.35455809309895586,0.37259899818343145,0.49277945586256655,0.5323013433876425,0.6066674300499563
76.9,0.25874543932653127,0.36668893108834616,0.6054493199619673,0.057373364232449986,0.8068213950560486,0.3344880000000001,True,0.25874543932653127,0.26561970935459284,0.3167387462196981,0.3427176602907669,0.36668893108834616,0.3683122220492482,0.4958224542987072,0.5162730257682168,0.6054493199619673
77.1,0.2740099568312608,0.38302169909990846,0.6108290129893044,0.0726378817371795,0.8122010880833856,0.35838000000000003,True,0.2740099568312608,0.2975341967440874,0.3140684210664808,0.3534033464966128,0.38302169909990846,0.4191915844312056,0.5490643605365071,0.5609625411912841,0.6108290129893044
77.3,0.29710964336731405,0.3847408800204656,0.6070753994472833,0.09573756827323276,0.8084474745413646,0.40218200000000004,True,0.29710964336731405,0.2975341967440874,0.32442815044783824,0.34268124066086886,0.3847408800204656,0.38494805054075304,0.5180026960393055,0.542250831326769,0.6070753994472833
77.5,0.29046364607446395,0.4459622695783488,0.6086995027538095,0.08909157098038267,0.8100715778478907,0.453948,True,0.29046364607446395,0.2997788289096514,0.3904684197029684,0.4206219411504036,0.4459622695783488,0.45450596256989834,0.5447234937622605,0.5898505014383872,0.6086995027538095
77.7,0.27511617059120413,0.3866902614288904,0.6150041742022258,0.07374409549712285,0.816376249296307,0.422092,True,0.27511617059120413,0.31498975968828624,0.319273325393056,0.3348294698490974,0.3866902614288904,0.3929666640604636,0.5087028067659368,0.5711510089684783,0.6150041742022258
77.9,0.2850449747701381,0.36912546543222585,0.6109570323824256,0.08367289967605684,0.8123291074765069,0.3782899999999999,True,0.2850449747701381,0.3098796438604197,0.3193387246066705,0.33163308842589795,0.36912546543222585,0.37769163732554145,0.5065842281016554,0.5598844656386026,0.6109570323824256
78.1,0.30772341505952877,0.40687094881131375,0.6056182759745526,0.10635133996544749,0.8069903510686339,0.28272200000000003,True,0.30772341505952877,0.31865875298537893,0.37714635424083837,0.39436921931824026,0.40687094881131375,0.4110185611960454,0.5257410803788772,0.5832385451382187,0.6056182759745526
78.3,0.317020550583282,0.41594645679056497,0.6299142785536314,0.11564847548920071,0.8312863536477126,0.21502799999999989,True,0.317020550583282,0.3441234901117793,0.34751571390036295,0.37617451590113526,0.41594645679056497,0.4549966266631498,0.574267497469928,0.6100898312197796,0.6299142785536314
78.5,0.3093360344428644,0.4264732176898892,0.6040361460985322,0.10796395934878311,0.8054082211926135,0.19113600000000008,True,0.3093360344428644,0.3601805157209554,0.3722290589396537,0.39614265358338435,0.4264732176898892,0.4591380956318074,0.560906054633454,0.5877056777721548,0.6040361460985322
78.7,0.30772341505952877,0.39249934609845916,0.6061020887332207,0.10635133996544749,0.807474163827302,0.22697400000000012,True,0.30772341505952877,0.34689563759344927,0.34763655008132704,0.36182236950924856,0.39249934609845916,0.4183014905392192,0.5242771643477702,0.5653078866891076,0.6061020887332207
78.9,0.28377293098966905,0.4132212790632582,0.6040361460985322,0.08240085589558777,0.8054082211926135,0.246884,True,0.28377293098966905,0.340591221207813,0.3474383305808391,0.35901245368732915,0.4132212790632582,0.4150693794953973,0.5069959936530278,0.5211002500886502,0.6040361460985322
79.1,0.30772341505952877,0.37690296574720084,0.6361034410258385,0.10635133996544749,0.8374755161199198,0.15927999999999998,True,0.30772341505952877,0.33295415971606057,0.34117472540355326,0.3496766365621547,0.37690296574720084,0.3940966140454436,0.5077811081588041,0.5886086791709735,0.6361034410258385
79.3,0.2953932929176865,0.35320711282742767,0.613946324093611,0.09402121782360523,0.8153183991876923,0.4061640000000001,True,0.2953932929176865,0.3116535118349144,0.3119235851539065,0.3447113989372295,0.35320711282742767,0.36191573787957904,0.49520963600098716,0.5842555610945411,0.613946324093611
79.5,0.28398612021106384,0.3577777768121312,0.6009739007091192,0.08261404511698256,0.8023459758032004,0.46589400000000014,True,0.28398612021106384,0.31453865568665207,0.3218835376907255,0.33829694990212594,0.3577777768121312,0.36992446766975606,0.4849356170083601,0.5545404915464265,0.6009739007091192
79.7,0.298871889272511,0.4253655091195382,0.5985240977899716,0.09749981417842973,0.7998961728840529,0.453948,True,0.298871889272511,0.3373894184344779,0.35549324375880065,0.4029512225724496,0.4253655091195382,0.46051741093875886,0.523434864505438,0.5752779195200322,0.5985240977899716
79.9,0.29602815889383843,0.39753572408203947,0.601664185056399,0.09465608379975715,0.8030362601504802,0.32652400000000004,True,0.29602815889383843,0.3049910313897287,0.3372598094437439,0.36424567101429217,0.39753572408203947,0.40835889447743773,0.5364152607718597,0.5745444729478609,0.601664185056399
80.1,0.323726570323208,0.4144696231913329,0.600136912278544,0.12235449522912673,0.8015089873726253,,False,0.323726570323208,0.3400574631906731,0.3523995544880495,0.41317407549202684,0.4144696231913329,0.46476209889181036,0.5169122509147707,0.5840648684668225,0.600136912278544
80.3,0.2741915359131527,0.3566975626594808,0.6004402827293026,0.07281946081907142,0.8018123578233839,0.3982,True,0.2741915359131527,0.2848544886430243,0.30327997185658806,0.3381333046443365,0.3566975626594808,0.4375250483166934,0.46340168885421196,0.5649390694720842,0.6004402827293026
80.5,0.2562789180485774,0.3660744082194358,0.5980833370979695,0.054906842954496105,0.7994554121920507,,False,0.2562789180485774,0.29046364607446395,0.3101799129107574,0.34519158942427297,0.3660744082194358,0.3827968071556472,0.4837776222963263,0.5294404729959397,0.5980833370979695
80.7,0.2574096045424629,0.35613993088856005,0.5970166207457884,0.05603752944838164,0.7983886958398697,0.19113599999999997,True,0.2574096045424629,0.30661362115361734,0.32477328813718526,0.3252279091533885,0.35613993088856005,0.37295496665561756,0.4991644889542675,0.5415951628482222,0.5970166207457884
80.9,0.2925465553992338,0.4321311367285356,0.6098803435994974,0.09117448030515252,0.8112524186935787,0.43403800000000015,True,0.2925465553992338,0.3178555700048853,0.3491923561822621,0.3761880595721786,0.4321311367285356,0.45291311731767214,0.5568203592377203,0.5889587029987751,0.6098803435994974
81.1,0.27375991850279946,0.35532251833173817,0.6078080609567387,0.07238784340871818,0.80918013605082,0.35041599999999995,True,0.27375991850279946,0.30839210491717617,0.3420079089051908,0.34691822173058845,0.35532251833173817,0.39522106261328394,0.47525968109083633,0.56615948360339,0.6078080609567387
81.3,0.29468044766664453,0.4048356284833431,0.6656290997805108,0.09330837257256325,0.867001174874592,0.35041599999999995,True,0.29468044766664453,0.312745542225402,0.3250858045135585,0.40064076202673626,0.4048356284833431,0.4273460955123518,0.5343249178627233,0.6293674756841839,0.6656290997805108
81.5,0.29298750767295206,0.3930731422294042,0.6582979765513911,0.09161543257887078,0.8596700516454724,0.302632,True,0.29298750767295206,0.326096352617001,0.3342766116553721,0.3682762994229648,0.3930731422294042,0.4097205126114421,0.5266454508523788,0.605301237177372,0.6582979765513911
81.7,0.30123631857217387,0.4000375585130757,0.6201950215556908,0.09986424347809258,0.8215670966497721,0.26281199999999993,True,0.30123631857217387,0.33197232281317807,0.3361719214909308,0.3501125972731992,0.4000375585130757,0.4238757658737835,0.5269119901097883,0.6013877720307792,0.6201950215556908
81.9,0.2991147992131,0.4435003145551688,0.6052610343579541,0.09774272411901874,0.8066331094520354,0.23095599999999994,True,0.2991147992131,0.40805040889161753,0.41109796800063236,0.4119667140210025,0.4435003145551688,0.44453462266006705,0.5626381752341164,0.5956553577238605,0.6052610343579541
82.1,0.2898176636893468,0.42900133900037246,0.6121361027441004,0.08844558859526552,0.8135081778381816,0.266794,True,0.2898176636893468,0.36572779522236537,0.37939201109058684,0.4266087165200126,0.42900133900037246,0.4408811164625665,0.5601259247141421,0.6087624808942126,0.6121361027441004
82.3,0.28180759319341464,0.41441440467660257,0.6176321032744785,0.08043551809933336,0.8190041783685598,0.41412799999999994,True,0.28180759319341464,0.3628383223802939,0.38463685578655843,0.41390899852727653,0.41441440467660257,0.4290504097525049,0.5525024890650433,0.6058112741097549,0.6176321032744785
82.5,0.29015370959868003,0.39731091493579723,0.6090621938432358,0.08878163450459875,0.8104342689373171,0.2548480000000001,True,0.29015370959868003,0.34306107525768,0.3578815173870779,0.38825372087992505,0.39731091493579723,0.44248302230986297,0.510188265081587,0.5669718084556923,0.6090621938432358
82.7,0.28764077629431195,0.40583461649533464,0.6082771687331864,0.08626870120023067,0.8096492438272677,0.390236,True,0.28764077629431195,0.3471963854205538,0.35828580562854645,0.40458677307532037,0.40583461649533464,0.44183560089271323,0.5248851702717728,0.5862708630011222,0.6082771687331864
82.9,0.31648571869839653,0.4300168968680911,0.606382040341218,0.11511364360431525,0.8077541154352993,0.2707759999999999,True,0.31648571869839653,0.3188209966220909,0.40354535982248285,0.42554513288253915,0.4300168968680911,0.45172921140165057,0.5159532379809257,0.5746684441644793,0.606382040341218
83.1,0.30715914704782954,0.4467909406147467,0.6097424391344975,0.10578707195374826,0.8111145142285788,,False,0.30715914704782954,0.33685407693564057,0.3890950095789739,0.41907892292493654,0.4467909406147467,0.45413503257545174,0.4958977584636562,0.5756862099662549,0.6097424391344975
83.3,0.3096720803521976,0.423042608428163,0.6082771687331864,0.10830000525811634,0.8096492438272677,0.246884,True,0.3096720803521976,0.35024611950597206,0.35661807297048115,0.40809589924986794,0.423042608428163,0.4297928659856728,0.5072411572813876,0.5783051056746752,0.6082771687331864
83.5,0.28527132104606673,0.4757488628095507,0.6517439695616793,0.08389924595198545,0.8531160446557606,0.4101460000000001,True,0.28527132104606673,0.37654199762412477,0.3940379306388398,0.4720666837670873,0.4757488628095507,0.48110196740782646,0.59153668048739,0.6426995896566619,0.6517439695616793
83.7,0.28497730871435184,0.4600879517654462,0.6411291147668715,0.08360523362027056,0.8425011898609528,0.453948,True,0.28497730871435184,0.3670955104875476,0.38869446497532434,0.40387528997704514,0.4600879517654462,0.474997194941948,0.594901963798692,0.6297833939361447,0.6411291147668715
83.9,0.28829166894655056,0.4406976964004077,0.6386741283728395,0.08691959385246928,0.8400462034669208,0.44598399999999994,True,0.28829166894655056,0.3689008822244814,0.3712778680122921,0.37988665965758045,0.4406976964004077,0.48384358512330466,0.5830409440145302,0.6369209451550568,0.6386741283728395
84.1,0.3126503946750631,0.44924170464838736,0.6364168254638481,0.11127831958098183,0.8377889005579294,0.30661400000000005,True,0.3126503946750631,0.3816696415647325,0.3860386645104301,0.4030450175785646,0.44924170464838736,0.4604595576510672,0.591553241856578,0.6286790266616583,0.6364168254638481
84.3,0.3093360344428644,0.4358067925242018,0.6165246031083104,0.10796395934878311,0.8178966782023916,0.21104599999999996,True,0.3093360344428644,0.3612721699930633,0.3741294583818451,0.3776595859166744,0.4358067925242018,0.4502365935659466,0.554370332572213,0.6152485023616342,0.6165246031083104
84.5,0.3096720803521976,0.3712219747761965,0.6355098745564111,0.10830000525811634,0.8368819496504923,0.30661399999999994,True,0.3096720803521976,0.330699484693112,0.35402059137212866,0.36803516094845695,0.3712219747761965,0.41387165923928076,0.489203866010645,0.600430993957126,0.6355098745564111
84.7,0.29823649999340607,0.38149485179892534,0.6394423231202582,0.09686442489932479,0.8408143982143395,0.2548480000000001,True,0.29823649999340607,0.3159469210266767,0.322272338588208,0.35637727125416163,0.38149485179892534,0.4015791238362572,0.5611645005171632,0.6240890752918004,0.6394423231202582
84.9,0.28412194868152074,0.34508551712170604,0.6084598057169444,0.08274987358743946,0.8098318808110256,0.40616399999999997,True,0.28412194868152074,0.31213669059996,0.3241725883086671,0.34299527803435076,0.34508551712170604,0.4058342939602889,0.5136166001618753,0.5936098237873736,0.6084598057169444
85.1,0.27746551525866114,0.3648729721356428,0.607821787296741,0.07609344016457986,0.8091938623908222,0.342452,True,0.27746551525866114,0.29756608398253054,0.3190861193547516,0.3379512011656783,0.3648729721356428,0.4056071310296438,0.47585161115555136,0.5553282072685273,0.607821787296741
85.3,0.277064835883873,0.3758977806548267,0.63930074768583,0.0756927607897917,0.8406728227799113,0.3862539999999999,True,0.277064835883873,0.29652725893033566,0.3105137862242174,0.36160351544259883,0.3758977806548267,0.3955926183431003,0.5162732893032606,0.571690146859042,0.63930074768583
85.5,0.29734195821035536,0.3653756366522445,0.6210705772245249,0.09596988311627408,0.8224426523186061,0.48978600000000005,True,0.29734195821035536,0.30537225631508236,0.3171419667688352,0.35293166188560643,0.3653756366522445,0.41899958583015723,0.5115107248981519,0.5514274474066633,0.6210705772245249
85.7,0.30157407881629555,0.4089485230615654,0.6060508897379743,0.10020200372221427,0.8074229648320556,0.44598400000000005,True,0.30157407881629555,0.3406527507554472,0.34205364266775856,0.39254126661162325,0.4089485230615654,0.41146537549136536,0.5302452939401525,0.5622771716723801,0.6060508897379743
85.9,0.295265556339335,0.378211673979685,0.6090406771443759,0.09389348124525371,0.8104127522384572,0.461912,True,0.295265556339335,0.3068985769813441,0.3219085072126774,0.3570391658894438,0.378211673979685,0.40718663747067935,0.5390492596696327,0.571708142825009,0.6090406771443759
86.1,0.317020550583282,0.3700822751773281,0.6154343648036372,0.11564847548920071,0.8168064398977185,0.2667940000000001,True,0.317020550583282,0.3194650696238895,0.33896849677220164,0.3669953409249787,0.3700822751773281,0.3970458448303796,0.5242201350169138,0.5628020323926016,0.6154343648036372
86.3,0.3156381370437591,0.43697380482261294,0.6351510158536574,0.11426606194967781,0.8365230909477387,0.22299200000000008,True,0.3156381370437591,0.3670611615125847,0.3813114544040107,0.42356858913139334,0.43697380482261294,0.4428277500423735,0.5491153787003269,0.6093675967552313,0.6351510158536574
86.5,0.28180759319341464,0.4350741081879469,0.6061856078086243,0.08043551809933336,0.8075576829027056,0.19113599999999997,True,0.28180759319341464,0.36772616680965414,0.38075593872399943,0.39350708180171085,0.4350741081879469,0.4620929537806982,0.5512193240980825,0.5970337159705321,0.6061856078086243
86.7,0.2588232348996816,0.37381516181984165,0.6055053625173625,0.05745115980560034,0.8068774376114438,0.18715400000000004,True,0.2588232348996816,0.2742004687757322,0.3373714074908348,0.34501945841802806,0.37381516181984165,0.3963282826668676,0.4974516825355444,0.5428909623819992,0.6055053625173625
86.9,0.26077190019235047,0.3588284544005828,0.6053705134177527,0.05939982509826919,0.806742588511834,0.39421800000000007,True,0.26077190019235047,0.289045571980876,0.30730056126313904,0.3541843859754037,0.3588284544005828,0.3630133237800302,0.49511006289922616,0.542296908937868,0.6053705134177527
87.1,0.2745502096026811,0.4721606461557855,0.691721728959055,0.07317813450859983,0.8930938040531363,0.23892000000000013,True,0.2745502096026811,0.3381169273139739,0.37784644555744723,0.407176547810283,0.4721606461557855,0.4778392381511198,0.5893474912025318,0.6603011499675527,0.691721728959055
87.3,0.2868854787739959,0.4456014508302725,0.695527167748489,0.08551340367991461,0.8968992428425703,0.342452,True,0.2868854787739959,0.3344377093613509,0.3804198788569159,0.4137552323571527,0.4456014508302725,0.4462569903046929,0.5503433997964658,0.6083778031873404,0.695527167748489
87.5,0.27453720782501456,0.4227536096895956,0.6953388821444758,0.07316513273093328,0.8967109572385571,0.430056,True,0.27453720782501456,0.31934384199370114,0.388842219505513,0.40670419010647785,0.4227536096895956,0.4237559331942776,0.5569705162972447,0.6174305540816237,0.6953388821444758
87.7,0.2847015581920105,0.43114733065535626,0.6137253195436764,0.0833294830979292,0.8150973946377577,0.12344200000000005,True,0.2847015581920105,0.33417981565211935,0.39283619747830517,0.3973361933490445,0.43114733065535626,0.4833675626977444,0.5272350184614092,0.5760666986540546,0.6137253195436764
87.9,0.2830828332988078,0.42174368685765795,0.60554334826135,0.08171075820472651,0.8069154233554313,0.14733399999999996,True,0.2830828332988078,0.3246818569443632,0.40023785425667013,0.4076808976444677,0.42174368685765795,0.4541188489311696,0.5123186102777586,0.575334911540549,0.60554334826135
88.1,0.28113416800613894,0.41570873072455633,0.6057017950499562,0.07976209291205766,0.8070738701440375,0.2468840000000001,True,0.28113416800613894,0.3268005098370232,0.3975856475178026,0.4076405757007802,0.41570873072455633,0.4627257152169887,0.5179557938151328,0.5735841516031012,0.6057017950499562
88.3,0.3190056428147847,0.44292702621669316,0.6042172564405571,0.11763356772070344,0.8055893315346384,0.215028,True,0.3190056428147847,0.3851137904025202,0.4132320353195746,0.43460321736969043,0.44292702621669316,0.455617300582992,0.5473620368937527,0.5811192452903755,0.6042172564405571
88.5,0.28022870705563396,0.41913057289630373,0.6060130331406322,0.07885663196155268,0.8073851082347134,0.2986500000000001,True,0.28022870705563396,0.3777482754089474,0.38194858767761136,0.40164092063918494,0.41913057289630373,0.4426759986108456,0.5528729518431996,0.593912690497112,0.6060130331406322
88.7,0.2792991588446382,0.43996750188684386,0.6142068608346548,0.0779270837505569,0.8155789359287361,0.4181100000000001,True,0.2792991588446382,0.368632307858018,0.3790226114511642,0.3950099571842194,0.43996750188684386,0.4622061685555457,0.5548598113242398,0.605334965258387,0.6142068608346548
88.9,0.27838957062799646,0.4406482496438115,0.6367025769800434,0.07701749553391518,0.8380746520741247,0.374308,True,0.27838957062799646,0.37281154047668263,0.39134983955338115,0.3934303972177862,0.4406482496438115,0.4782744933557451,0.5693094720487343,0.6266374711319288,0.6367025769800434
89.1,0.2817039308601952,0.4432597435263673,0.6367025769800434,0.0803318557661139,0.8380746520741247,0.38227200000000006,True,0.2817039308601952,0.3792462537847475,0.4002901129501834,0.4015276230632255,0.4432597435263673,0.49481899237201854,0.5800972279572238,0.6277880191611217,0.6367025769800434
89.3,0.2851785908956603,0.4571034099455272,0.6145500245855151,0.083806515801579,0.8159220996795964,0.302632,True,0.2851785908956603,0.3944934599017426,0.4187600708051224,0.43268934143862325,0.4571034099455272,0.48910394576625776,0.5672228656533017,0.5964855002639049,0.6145500245855151
89.5,0.30877176643116516,0.4402257537365847,0.6062235935526118,0.10739969133708388,0.8075956686466931,0.26281200000000005,True,0.30877176643116516,0.37220322991144494,0.42604268814547414,0.4291481902391292,0.4402257537365847,0.4553169645076995,0.5475173810441917,0.583495000550742,0.6062235935526118
89.7,0.30877176643116516,0.43475476886852094,0.6046015841024511,0.10739969133708388,0.8059736591965324,0.310596,True,0.30877176643116516,0.39060991924187344,0.40106801744477794,0.4292281232526532,0.43475476886852094,0.43869780859334123,0.5604056591352766,0.6001320687183952,0.6046015841024511
89.9,0.3084283498530375,0.44212896959552866,0.6018416672791148,0.10705627475895624,0.8032137423731961,0.1831719999999999,True,0.3084283498530375,0.3939753044106796,0.40403843808470646,0.43138296346048116,0.44212896959552866,0.47261249322221077,0.5683001539589231,0.5995242038278473,0.6018416672791148
90.1,0.13446783459183975,0.3454106221052419,0.5979893087985867,-0.06690424050224153,0.799361383892668,0.21901000000000004,True,0.13446783459183975,0.271041912321471,0.27709877760679624,0.32177299270340265,0.3454106221052419,0.37663709090136166,0.4936540824190429,0.5216628617347315,0.5979893087985867
90.3,0.13567318256809818,0.34337364021657674,0.6048685992031871,-0.0656988925259831,0.8062406742972684,0.29466800000000015,True,0.13567318256809818,0.269497604165841,0.2819441126417855,0.2828076897191233,0.34337364021657674,0.3702119726475804,0.4849746265360216,0.5275403981318518,0.6048685992031871
90.5,0.13946009367410195,0.4115295730330672,0.6423636665539212,-0.061911981419979334,0.8437357416480025,0.386254,True,0.13946009367410195,0.3034269318148809,0.3386031877550698,0.346339943749732,0.4115295730330672,0.43458511180565174,0.5528651085124251,0.605399087123501,0.6423636665539212
90.7,0.13446783459183975,0.34967572023604837,0.5984861120459841,-0.06690424050224153,0.7998581871400654,0.4300559999999999,True,0.13446783459183975,0.26610956082559856,0.2673090109162879,0.30317765060344315,0.34967572023604837,0.37815111269351404,0.4864446292503291,0.5393480208461652,0.5984861120459841
90.9,0.13446783459183975,0.33381332206243663,0.5982417838865757,-0.06690424050224153,0.799613858980657,0.38227199999999995,True,0.13446783459183975,0.2663266857955084,0.26874811672282645,0.29468222345125156,0.33381332206243663,0.37195694831788517,0.4845290022933234,0.5562603562939572,0.5982417838865757
91.1,0.34796126154134505,0.40936513950636344,0.6061160221981202,0.14658918644726376,0.8074880972922015,0.302632,True,0.34796126154134505,0.3676188841307679,0.3702390267069939,0.3958176313601334,0.40936513950636344,0.4133581059654357,0.5212303113217684,0.5842622736662892,0.6061160221981202
91.3,0.3476252156320118,0.4349238421695331,0.6203605009120575,0.14625314053793054,0.8217325760061388,0.33050599999999997,True,0.3476252156320118,0.3640665766206759,0.3994830477924833,0.42930996116342146,0.4349238421695331,0.44660067090504907,0.5628919128363935,0.6090839419319057,0.6203605009120575
91.5,0.3476252156320118,0.46368416044819566,0.6123220263585909,0.14625314053793054,0.8136941014526722,0.25484799999999996,True,0.3476252156320118,0.39509271363800835,0.39892525843285304,0.4336842779447974,0.46368416044819566,0.47858060846063,0.5718469753270263,0.6018682589279336,0.6123220263585909
91.7,0.33041161661814916,0.3904327642813078,0.6112760010835554,0.12903954152406788,0.8126480761776367,0.386254,True,0.33041161661814916,0.3505392747364955,0.3584749030215654,0.3746442553853577,0.3904327642813078,0.399359530012525,0.492954421412248,0.5679909928643984,0.6112760010835554
91.9,0.32177790503053916,0.39359186106596533,0.6062471912416082,0.12040582993645788,0.8076192663356895,0.3862540000000001,True,0.32177790503053916,0.34345152389958394,0.3497054122213598,0.38521388278992935,0.39359186106596533,0.42585314380912365,0.5248127197769943,0.602133303656459,0.6062471912416082
92.1,0.29504987633955887,0.39616566643027806,0.6066263685006265,0.09367780124547759,0.8079984435947077,0.39421799999999996,True,0.29504987633955887,0.3153012276639327,0.3557604020177604,0.3564774085655974,0.39616566643027806,0.4128160729045208,0.510215137153208,0.5788719483108217,0.6066263685006265
92.3,0.29572323331715267,0.4123577821973992,0.6080328405737779,0.09435115822307139,0.8094049156678592,0.2667940000000001,True,0.29572323331715267,0.3387571151244446,0.3964792688324952,0.409493665763318,0.4123577821973992,0.4632311010159257,0.5119186008702182,0.5781178753599373,0.6080328405737779
92.5,0.29734195821035536,0.37561759936396705,0.6071940721127607,0.09596988311627408,0.808566147206842,0.4420020000000001,True,0.29734195821035536,0.30835876200961915,0.33048004815216986,0.34648083706116956,0.37561759936396705,0.3799562219970314,0.49588312077607505,0.5801351761533312,0.6071940721127607
92.7,0.28608405184616525,0.369630595473749,0.6058083747693339,0.08471197675208397,0.8071804498634152,0.3862539999999999,True,0.28608405184616525,0.2976474075266478,0.32754343887448434,0.3377170237439735,0.369630595473749,0.3800038834882352,0.49828451759716175,0.5750860175722065,0.6058083747693339
92.9,0.30572950551746686,0.4142816135273135,0.6075989372455539,0.10435743042338558,0.8089710123396352,0.20706400000000003,True,0.30572950551746686,0.3173961147656801,0.3351517819887657,0.3690013569833986,0.4142816135273135,0.4280531615742159,0.5157157636004609,0.6049688624674104,0.6075989372455539
93.1,0.2841353865534964,0.37388490508924144,0.6043420576909245,0.08276331145941512,0.8057141327850058,0.290686,True,0.2841353865534964,0.31151804080703877,0.3232244778799739,0.32464602999961584,0.37388490508924144,0.37896592058003525,0.5117540953020241,0.567517006651549,0.6043420576909245
93.3,0.13567318256809818,0.40038078263267546,0.6100570244907377,-0.0656988925259831,0.811429099584819,0.310596,True,0.13567318256809818,0.2810371647712079,0.30492599915226387,0.3080714723485826,0.40038078263267546,0.4039185917156526,0.520335760256187,0.5745074318202115,0.6100570244907377
93.5,0.13485267283179966,0.4302440730879851,0.6407719779082897,-0.06651940226228162,0.8421440530023709,0.45394800000000013,True,0.13485267283179966,0.30770251551360356,0.34623861382699284,0.3468936582762225,0.4302440730879851,0.4684027296351981,0.5524517325870159,0.6081271801366506,0.6407719779082897
93.7,0.1328382065570637,0.4303991854998422,0.6433588723427375,-0.0685338685370176,0.8447309474368188,0.3663440000000001,True,0.1328382065570637,0.3183785521196775,0.33978487245508743,0.36247091242737317,0.4303991854998422,0.48049087580555067,0.5864978575179867,0.632111777140056,0.6433588723427375
93.9,0.12460748073552683,0.39302280063584355,0.648331580549195,-0.07676459435855446,0.8497036556432763,0.18715400000000015,True,0.12460748073552683,0.30448790426301625,0.3106319236766732,0.3778650393678817,0.39302280063584355,0.4262256351205742,0.5215005189577637,0.5945055968083013,0.648331580549195
94.1,0.12952384632486497,0.37983683546790975,0.6075969234419246,-0.07184822876921632,0.8089689985360059,0.17520799999999992,True,0.12952384632486497,0.28071547703397737,0.29712824076801764,0.3574807186065524,0.37983683546790975,0.3929011703968774,0.5024587612853321,0.5604612065495921,0.6075969234419246
94.3,0.2679277572719438,0.365048211925333,0.6058112741097549,0.06655568217786251,0.8071833492038362,0.26281200000000005,True,0.2679277572719438,0.3017495571375005,0.3027657060085911,0.34782005168034036,0.365048211925333,0.36897469109630754,0.5041856803642473,0.5451932754260891,0.6058112741097549
94.5,0.2967102895551746,0.3647992200604091,0.6090681536643843,0.0953382144610933,0.8104402287584656,0.3663439999999999,True,0.2967102895551746,0.3074432637502094,0.32748310393712565,0.35591942503646834,0.3647992200604091,0.40301823661409825,0.5273603997021179,0.5681922149136667,0.6090681536643843
94.7,0.23441530730308274,0.38664673130079846,0.6112799275273242,0.03304323220900146,0.8126520026214055,0.442002,True,0.23441530730308274,0.2657379786621058,0.3022543500214019,0.33586106541754474,0.38664673130079846,0.4195715884038744,0.5515608931910497,0.5660367266670138,0.6112799275273242
94.9,0.1157402883557439,0.3656185010571456,0.6072866983570837,-0.08563178673833738,0.808658773451165,0.2906859999999999,True,0.1157402883557439,0.23645373093259017,0.29731632689693727,0.3220493402925339,0.3656185010571456,0.38001137427627674,0.5188784524748808,0.5286118405374681,0.6072866983570837
95.1,0.26124725590527886,0.3772955545490295,0.606344023450516,0.05987518081119758,0.8077160985445972,0.30661400000000005,True,0.26124725590527886,0.27133682005035753,0.3221513960344064,0.35610163030578385,0.3772955545490295,0.3792189601276238,0.4938818194338853,0.5041739912400022,0.606344023450516
95.3,0.2562115021208577,0.35664852985209655,0.6061557378465028,0.05483942702677641,0.8075278129405841,0.3225420000000001,True,0.2562115021208577,0.2577731290921367,0.3287305541212925,0.34078812605431225,0.35664852985209655,0.3766528798251824,0.5075795222391399,0.52635075940889,0.6061557378465028
95.5,0.2602880443282305,0.382945021430379,0.6090723476892534,0.05891596923414921,0.8104444227833347,0.39023600000000014,True,0.2602880443282305,0.2689453536924473,0.3289302703330018,0.37367835374518116,0.382945021430379,0.4047527782074572,0.5217263042965389,0.5287273016983719,0.6090723476892534
95.7,0.13419175237090486,0.34253689046085034,0.6097753537552468,-0.06718032272317642,0.8111474288493281,0.39421800000000007,True,0.13419175237090486,0.26415128077577965,0.2976473528019695,0.3380814181426422,0.34253689046085034,0.3804130619834689,0.5033072901873437,0.5297733553818412,0.6097753537552468
95.9,0.2775893677108506,0.4233439444141065,0.6084243316558163,0.0762172926167693,0.8097964067498976,0.46987599999999996,True,0.2775893677108506,0.327462154198972,0.3777034908780507,0.38199299332197,0.4233439444141065,0.4392786607316267,0.5530461844083875,0.5679730495374339,0.6084243316558163
96.1,0.2242340688288894,0.3911150073567713,0.6097486568292131,0.022861993734808128,0.8111207319232944,0.32652400000000004,True,0.2242340688288894,0.24346226796635226,0.31913884742067833,0.334724886929673,0.3911150073567713,0.4280040160806877,0.5514133436409259,0.5660497621777613,0.6097486568292131
96.3,0.1253978494447363,0.40177622854633066,0.6089142220186166,-0.07597422564934497,0.8102862971126978,0.21900999999999993,True,0.1253978494447363,0.24658932146384757,0.24692245889067793,0.3291907906833335,0.40177622854633066,0.43505372927491776,0.5589476256171821,0.5853261333692101,0.6089142220186166
96.5,0.13075650070321174,0.39050173790154713,0.6102034513784439,-0.07061557439086955,0.8115755264725252,0.27874,True,0.13075650070321174,0.26143540042190283,0.3034711723539652,0.36337170907531424,0.39050173790154713,0.44764005367729226,0.5346403071571986,0.5425040619534283,0.6102034513784439
96.7,0.12845883197139585,0.34463511300762184,0.6032765409452869,-0.07291324312268543,0.8046486160393682,0.24290199999999995,True,0.12845883197139585,0.22165628919538505,0.25030789426113514,0.30020638039875297,0.34463511300762184,0.43274807057381615,0.5143999129895305,0.5597346598594743,0.6032765409452869
96.9,0.15627088103008321,0.41438995775021836,0.6462758693629916,-0.04510119406399807,0.8476479444570729,0.2389199999999999,True,0.15627088103008321,0.2599805290208792,0.2899386535931499,0.3556941450391727,0.41438995775021836,0.5058607163055416,0.6079360463623769,0.6102321610523145,0.6462758693629916
97.1,0.14748841390452117,0.3770332871875611,0.6106182625604616,-0.05388366118956012,0.8119903376545429,0.23095599999999994,True,0.14748841390452117,0.24970295301400802,0.32798396523047735,0.35455854855523294,0.3770332871875611,0.3828805825416789,0.5214961883661348,0.5255821797575014,0.6106182625604616
97.3,0.12233637676665884,0.3533437148090969,0.6032002057389,-0.07903569832742244,0.8045722808329813,0.20706400000000003,True,0.12233637676665884,0.23286977959953345,0.2524029794492735,0.3441009066963835,0.3533437148090969,0.39196249450066056,0.49327575786639116,0.5502925427029903,0.6032002057389
97.5,0.15997020725693048,0.39244495746646646,0.6373296953336148,-0.0414018678371508,0.8387017704276961,0.1712260000000001,True,0.15997020725693048,0.2785325321359687,0.2987403962520555,0.34108954260632096,0.39244495746646646,0.4190001529676037,0.551295819569208,0.5638393490667393,0.6373296953336148
97.7,0.1762972818451729,0.3969152031156686,0.6380510021742064,-0.025074793248908378,0.8394230772682877,0.3543979999999999,True,0.1762972818451729,0.2732307581221479,0.27476759805181117,0.34438010577167066,0.3969152031156686,0.408706125934681,0.5329799577660096,0.5865776673047367,0.6380510021742064
97.9,0.14730817663012916,0.4432282884411361,0.6303384553192508,-0.054063898463952126,0.8317105304133321,0.3663440000000001,True,0.14730817663012916,0.3029060993881855,0.31855973171262447,0.43636393787767846,0.4432282884411361,0.4990046202893976,0.5610588287162471,0.5745018299835265,0.6303384553192508
98.1,0.3255042071936128,0.40123596941798245,0.6373854338767818,0.1241321320995315,0.8387575089708631,0.422092,True,0.3255042071936128,0.3332220127724354,0.33407187293820734,0.3584191691996261,0.40123596941798245,0.4038360934880158,0.5244162332616058,0.5823260093385101,0.6373854338767818
98.3,0.32218984696141406,0.40547116862405447,0.6209197463226694,0.12081777186733278,0.8222918214167507,0.4300560000000001,True,0.32218984696141406,0.33591484952283973,0.3820295413238288,0.3907410900539099,0.40547116862405447,0.4086522741280633,0.5403460851001902,0.5601328671923235,0.6209197463226694
98.5,0.27203107026878404,0.381098958236032,0.6342199514124753,0.07065899517470275,0.8355920265065566,,False,0.27203107026878404,0.2939482507735169,0.3686738462859172,0.37297020949629317,0.381098958236032,0.42074266939058225,0.5268534575895156,0.5766516727598296,0.6342199514124753
98.7,0.28183594152019203,0.45346469175384513,0.650829947199171,0.08046386642611075,0.8522020222932523,,False,0.28183594152019203,0.34538284112132717,0.345386294141662,0.3919139104047557,0.45346469175384513,0.4733700415004919,0.5812935846912773,0.5815539415293616,0.650829947199171
98.9,0.27440533608560796,0.4344810982049902,0.6414860863988598,0.07303326099152668,0.8428581614929411,,False,0.27440533608560796,0.3409812962133688,0.3463510126323869,0.3788040677728778,0.4344810982049902,0.458138839734864,0.5531719011598889,0.5824945781127132,0.6414860863988598
99.1,0.12166627430770559,0.43724004229149493,0.6540036978439038,-0.0797058007863757,0.8553757729379851,,False,0.12166627430770559,0.29545574529302016,0.35569168560441694,0.37415576399054584,0.43724004229149493,0.5297212649690858,0.6172145151652312,0.6179609649095383,0.6540036978439038
99.3,0.25742568779391045,0.4169549822009667,0.6450396981515507,0.05605361269982917,0.846411773245632,,False,0.25742568779391045,0.29518901327722213,0.32764642593170945,0.3811855552676341,0.4169549822009667,0.47585127959697127,0.5569644530017851,0.5895956905351818,0.6450396981515507
99.5,0.2138280290865752,0.3980505346735061,0.6474913485393505,0.012455953992493912,0.8488634236334318,,False,0.2138280290865752,0.27000156426359373,0.3156845196005123,0.3180685460698144,0.3980505346735061,0.49204886841858436,0.5414435048938654,0.5926111805803674,0.6474913485393505
99.7,0.2337254627224795,0.4330050598765713,0.6494645340025006,0.032353387628398206,0.8508366090965819,,False,0.2337254627224795,0.2755367855161568,0.3606147212213303,0.36999404300440597,0.4330050598765713,0.4677141892267869,0.5397546679394216,0.542355628269857,0.6494645340025006
99.9,0.2404962639254229,0.46812346317928755,0.6475473910947458,0.03912418883134161,0.8489194661888271,,False,0.2404962639254229,0.25690163967029384,0.37678011906304726,0.39252078988013145,0.46812346317928755,0.49973217491046074,0.5910037798160309,0.6164863690294216,0.6475473910947458
